Enter a label: 2016-06-08 14:38:28,437	sn03	0.0391819477	2555910.0000000000
2016-06-08 14:38:29,448	sn03	1.0503671169	2555700.0000000000
2016-06-08 14:38:30,436	sn03	2.0375881195	2555650.0000000000
2016-06-08 14:38:31,440	sn03	3.0417530537	2555760.0000000000
2016-06-08 14:38:32,435	sn03	4.0369420052	2555790.0000000000
2016-06-08 14:38:33,439	sn03	5.0411009789	2555700.0000000000
2016-06-08 14:38:34,435	sn03	6.0373680592	2555330.0000000000
2016-06-08 14:38:35,464	sn03	7.0654919147	2554950.0000000000
2016-06-08 14:38:36,446	sn03	8.0477690697	2555930.0000000000
2016-06-08 14:38:37,436	sn03	9.0378921032	2556060.0000000000
2016-06-08 14:38:38,441	sn03	10.0431470871	2554680.0000000000
2016-06-08 14:38:39,435	sn03	11.0373671055	2555320.0000000000
2016-06-08 14:38:40,461	sn03	12.0626189709	2555390.0000000000
2016-06-08 14:38:41,440	sn03	13.0418169498	2554850.0000000000
2016-06-08 14:38:42,438	sn03	14.0399711132	2554440.0000000000
2016-06-08 14:38:43,435	sn03	15.0371730328	2555630.0000000000
2016-06-08 14:38:44,436	sn03	16.0383179188	2556690.0000000000
2016-06-08 14:38:45,443	sn03	17.0445868969	2555190.0000000000
2016-06-08 14:38:46,472	sn03	18.0737299919	2555410.0000000000
2016-06-08 14:38:47,455	sn03	19.0568859577	2555900.0000000000
2016-06-08 14:38:48,438	sn03	20.0400888920	2555980.0000000000
2016-06-08 14:38:49,438	sn03	21.0403280258	2555850.0000000000
2016-06-08 14:38:50,436	sn03	22.0375299454	2555780.0000000000
2016-06-08 14:38:51,438	sn03	23.0398519039	2555840.0000000000
2016-06-08 14:38:52,449	sn03	24.0509829521	2555960.0000000000
2016-06-08 14:38:53,436	sn03	25.0382208824	2555750.0000000000
2016-06-08 14:38:54,440	sn03	26.0424180031	2555320.0000000000
2016-06-08 14:38:55,436	sn03	27.0375831127	2555510.0000000000
2016-06-08 14:38:56,439	sn03	28.0407819748	2555840.0000000000
2016-06-08 14:38:57,435	sn03	29.0370259285	2556140.0000000000
2016-06-08 14:38:58,464	sn03	30.0661840439	2556150.0000000000
2016-06-08 14:38:59,446	sn03	31.0484440327	2555620.0000000000
2016-06-08 14:39:00,437	sn03	32.0386838913	2555400.0000000000
2016-06-08 14:39:01,435	sn03	33.0368659496	2554660.0000000000
2016-06-08 14:39:02,435	sn03	34.0369811058	2555190.0000000000
2016-06-08 14:39:03,461	sn03	35.0632710457	2555550.0000000000
2016-06-08 14:39:04,445	sn03	36.0465259552	2555810.0000000000
2016-06-08 14:39:05,439	sn03	37.0407290459	2556350.0000000000
2016-06-08 14:39:06,435	sn03	38.0369429588	2555950.0000000000
2016-06-08 14:39:07,437	sn03	39.0390939713	2555580.0000000000
2016-06-08 14:39:08,435	sn03	40.0371949673	2555490.0000000000
2016-06-08 14:39:09,472	sn03	41.0743660927	2554940.0000000000
2016-06-08 14:39:10,456	sn03	42.0576119423	2556670.0000000000
2016-06-08 14:39:11,438	sn03	43.0397729874	2556130.0000000000
2016-06-08 14:39:12,439	sn03	44.0410430431	2554790.0000000000
2016-06-08 14:39:13,435	sn03	45.0371201038	2554320.0000000000
2016-06-08 14:39:14,438	sn03	46.0404229164	2553100.0000000000
2016-06-08 14:39:15,449	sn03	47.0506451130	2553030.0000000000
2016-06-08 14:39:16,436	sn03	48.0378460884	2554080.0000000000
2016-06-08 14:39:17,441	sn03	49.0431749821	2555190.0000000000
2016-06-08 14:39:18,435	sn03	50.0373520851	2554770.0000000000
2016-06-08 14:39:19,440	sn03	51.0415849686	2555850.0000000000
2016-06-08 14:39:20,436	sn03	52.0377559662	2554610.0000000000
2016-06-08 14:39:21,464	sn03	53.0658910275	2555350.0000000000
2016-06-08 14:39:22,447	sn03	54.0492451191	2556200.0000000000
2016-06-08 14:39:23,436	sn03	55.0383799076	2554380.0000000000
2016-06-08 14:39:24,442	sn03	56.0435509682	2554090.0000000000
2016-06-08 14:39:25,436	sn03	57.0377719402	2553470.0000000000
2016-06-08 14:39:26,461	sn03	58.0630218983	2553090.0000000000
2016-06-08 14:39:27,440	sn03	59.0422220230	2552340.0000000000
2016-06-08 14:39:28,438	sn03	60.0403571129	2551200.0000000000
2016-06-08 14:39:29,436	sn03	61.0375070572	2550340.0000000000
2016-06-08 14:39:30,438	sn03	62.0397710800	2550400.0000000000
2016-06-08 14:39:31,435	sn03	63.0369911194	2550590.0000000000
2016-06-08 14:39:32,472	sn03	64.0741751194	2550430.0000000000
2016-06-08 14:39:33,455	sn03	65.0573689938	2550340.0000000000
2016-06-08 14:39:34,439	sn03	66.0405340195	2550400.0000000000
2016-06-08 14:39:35,440	sn03	67.0417499542	2551450.0000000000
2016-06-08 14:39:36,435	sn03	68.0368840694	2550730.0000000000
2016-06-08 14:39:37,438	sn03	69.0399870872	2551660.0000000000
2016-06-08 14:39:38,449	sn03	70.0513238907	2553310.0000000000
2016-06-08 14:39:39,437	sn03	71.0385239124	2554110.0000000000
2016-06-08 14:39:40,441	sn03	72.0427350998	2554060.0000000000
2016-06-08 14:39:41,435	sn03	73.0368890762	2554670.0000000000
2016-06-08 14:39:42,440	sn03	74.0420238972	2556330.0000000000
2016-06-08 14:39:43,435	sn03	75.0372509956	2557300.0000000000
2016-06-08 14:39:44,464	sn03	76.0664520264	2556580.0000000000
2016-06-08 14:39:45,448	sn03	77.0494959354	2555270.0000000000
2016-06-08 14:39:46,437	sn03	78.0388278961	2558700.0000000000
2016-06-08 14:39:47,435	sn03	79.0367469788	2558160.0000000000
2016-06-08 14:39:48,435	sn03	80.0371301174	2556760.0000000000
2016-06-08 14:39:49,462	sn03	81.0643401146	2553600.0000000000
2016-06-08 14:39:50,442	sn03	82.0435459614	2552150.0000000000
2016-06-08 14:39:51,439	sn03	83.0407600403	2550090.0000000000
2016-06-08 14:39:52,435	sn03	84.0369610786	2547630.0000000000
2016-06-08 14:39:53,437	sn03	85.0391719341	2544890.0000000000
2016-06-08 14:39:54,435	sn03	86.0373868942	2542940.0000000000
2016-06-08 14:39:55,473	sn03	87.0745279789	2542830.0000000000
2016-06-08 14:39:56,456	sn03	88.0577530861	2542050.0000000000
2016-06-08 14:39:57,439	sn03	89.0408000946	2541660.0000000000
2016-06-08 14:39:58,439	sn03	90.0411419868	2539750.0000000000
2016-06-08 14:39:59,435	sn03	91.0373220444	2535770.0000000000
2016-06-08 14:40:00,439	sn03	92.0405108929	2532260.0000000000
2016-06-08 14:40:01,450	sn03	93.0517630577	2490290.0000000000
2016-06-08 14:40:02,437	sn03	94.0388960838	2492710.0000000000
2016-06-08 14:40:03,435	sn03	95.0370190144	2491310.0000000000
2016-06-08 14:40:04,435	sn03	96.0372729301	2491180.0000000000
2016-06-08 14:40:05,441	sn03	97.0424649715	2492210.0000000000
2016-06-08 14:40:06,436	sn03	98.0377509594	2492800.0000000000
2016-06-08 14:40:07,465	sn03	99.0669770241	2491690.0000000000
2016-06-08 14:40:08,447	sn03	100.0491518974	2490460.0000000000
2016-06-08 14:40:09,437	sn03	101.0393381119	2490580.0000000000
2016-06-08 14:40:10,436	sn03	102.0375649929	2490490.0000000000
2016-06-08 14:40:11,436	sn03	103.0377380848	2488570.0000000000
2016-06-08 14:40:12,462	sn03	104.0639550686	2488590.0000000000
2016-06-08 14:40:13,441	sn03	105.0432250500	2486080.0000000000
2016-06-08 14:40:14,439	sn03	106.0414059162	2485860.0000000000
2016-06-08 14:40:15,436	sn03	107.0376310349	2485020.0000000000
2016-06-08 14:40:16,438	sn03	108.0397639275	2483480.0000000000
2016-06-08 14:40:17,435	sn03	109.0369489193	2483050.0000000000
2016-06-08 14:40:18,473	sn03	110.0751080513	2481470.0000000000
2016-06-08 14:40:19,456	sn03	111.0583629608	2481990.0000000000
2016-06-08 14:40:20,440	sn03	112.0416100025	2479040.0000000000
2016-06-08 14:40:21,440	sn03	113.0417599678	2477910.0000000000
2016-06-08 14:40:22,435	sn03	114.0369648933	2477960.0000000000
2016-06-08 14:40:23,439	sn03	115.0411520004	2478160.0000000000
2016-06-08 14:40:24,450	sn03	116.0523469448	2478690.0000000000
2016-06-08 14:40:25,437	sn03	117.0394508839	2475400.0000000000
2016-06-08 14:40:26,436	sn03	118.0377540588	2473320.0000000000
2016-06-08 14:40:27,436	sn03	119.0379250050	2473970.0000000000
2016-06-08 14:40:28,440	sn03	120.0421040058	2474320.0000000000
2016-06-08 14:40:29,435	sn03	121.0373339653	2473010.0000000000
2016-06-08 14:40:30,466	sn03	122.0675420761	2470460.0000000000
2016-06-08 14:40:31,448	sn03	123.0496609211	2467880.0000000000
2016-06-08 14:40:32,438	sn03	124.0397670269	2465440.0000000000
2016-06-08 14:40:33,435	sn03	125.0370450020	2463430.0000000000
2016-06-08 14:40:34,436	sn03	126.0382330418	2464790.0000000000
2016-06-08 14:40:35,463	sn03	127.0646440983	2464120.0000000000
2016-06-08 14:40:36,446	sn03	128.0477941036	2465590.0000000000
2016-06-08 14:40:37,440	sn03	129.0419061184	2466000.0000000000
2016-06-08 14:40:38,435	sn03	130.0371410847	2463150.0000000000
2016-06-08 14:40:39,438	sn03	131.0404009819	2463000.0000000000
2016-06-08 14:40:40,436	sn03	132.0376160145	2462310.0000000000
2016-06-08 14:40:41,474	sn03	133.0757820606	2461060.0000000000
2016-06-08 14:40:42,457	sn03	134.0590820312	2461520.0000000000
2016-06-08 14:40:43,439	sn03	135.0412731171	2459530.0000000000
2016-06-08 14:40:44,441	sn03	136.0425159931	2457770.0000000000
2016-06-08 14:40:45,436	sn03	137.0377519131	2457010.0000000000
2016-06-08 14:40:46,439	sn03	138.0409049988	2455260.0000000000
2016-06-08 14:40:47,450	sn03	139.0521380901	2454440.0000000000
2016-06-08 14:40:48,437	sn03	140.0393559933	2453880.0000000000
2016-06-08 14:40:49,435	sn03	141.0374410152	2453690.0000000000
2016-06-08 14:40:50,436	sn03	142.0377540588	2452870.0000000000
2016-06-08 14:40:51,441	sn03	143.0430049896	2451160.0000000000
2016-06-08 14:40:52,435	sn03	144.0371730328	2451310.0000000000
2016-06-08 14:40:53,465	sn03	145.0672800541	2451080.0000000000
2016-06-08 14:40:54,448	sn03	146.0504570007	2450840.0000000000
2016-06-08 14:40:55,438	sn03	147.0397589207	2451940.0000000000
2016-06-08 14:40:56,435	sn03	148.0368180275	2451330.0000000000
2016-06-08 14:40:57,437	sn03	149.0390079021	2451330.0000000000
2016-06-08 14:40:58,459	sn03	150.0611550808	2451960.0000000000
2016-06-08 14:40:59,442	sn03	151.0443060398	2450830.0000000000
2016-06-08 14:41:00,441	sn03	152.0425300598	2448380.0000000000
2016-06-08 14:41:01,436	sn03	153.0377430916	2449410.0000000000
2016-06-08 14:41:02,439	sn03	154.0409820080	2448670.0000000000
2016-06-08 14:41:03,435	sn03	155.0371489525	2449000.0000000000
2016-06-08 14:41:04,474	sn03	156.0763320923	2448060.0000000000
2016-06-08 14:41:05,458	sn03	157.0604269505	2447500.0000000000
2016-06-08 14:41:06,440	sn03	158.0417850018	2443790.0000000000
2016-06-08 14:41:07,441	sn03	159.0429320335	2446280.0000000000
2016-06-08 14:41:08,435	sn03	160.0371079445	2445830.0000000000
2016-06-08 14:41:09,439	sn03	161.0413210392	2445120.0000000000
2016-06-08 14:41:10,450	sn03	162.0524239540	2443470.0000000000
2016-06-08 14:41:11,438	sn03	163.0397620201	2442430.0000000000
2016-06-08 14:41:12,435	sn03	164.0369329453	2442070.0000000000
2016-06-08 14:41:13,436	sn03	165.0381340981	2441500.0000000000
2016-06-08 14:41:14,441	sn03	166.0433490276	2439460.0000000000
2016-06-08 14:41:15,436	sn03	167.0376319885	2438720.0000000000
2016-06-08 14:41:16,466	sn03	168.0677919388	2439430.0000000000
2016-06-08 14:41:17,449	sn03	169.0509810448	2441500.0000000000
2016-06-08 14:41:18,438	sn03	170.0402441025	2438650.0000000000
2016-06-08 14:41:19,435	sn03	171.0373280048	2437290.0000000000
2016-06-08 14:41:20,437	sn03	172.0385479927	2437190.0000000000
2016-06-08 14:41:21,463	sn03	173.0648651123	2436690.0000000000
2016-06-08 14:41:22,443	sn03	174.0449891090	2436030.0000000000
2016-06-08 14:41:23,440	sn03	175.0422079563	2435210.0000000000
2016-06-08 14:41:24,435	sn03	176.0373458862	2437310.0000000000
2016-06-08 14:41:25,439	sn03	177.0406301022	2434050.0000000000
2016-06-08 14:41:26,436	sn03	178.0378119946	2433710.0000000000
2016-06-08 14:41:27,475	sn03	179.0770139694	2432170.0000000000
2016-06-08 14:41:28,457	sn03	180.0592620373	2431580.0000000000
2016-06-08 14:41:29,441	sn03	181.0424830914	2431860.0000000000
2016-06-08 14:41:30,441	sn03	182.0426850319	2432000.0000000000
2016-06-08 14:41:31,435	sn03	183.0368590355	2430630.0000000000
2016-06-08 14:41:32,440	sn03	184.0420858860	2429080.0000000000
2016-06-08 14:41:33,451	sn03	185.0532689095	2430140.0000000000
2016-06-08 14:41:34,439	sn03	186.0405240059	2430950.0000000000
2016-06-08 14:41:35,436	sn03	187.0377509594	2431210.0000000000
2016-06-08 14:41:36,437	sn03	188.0389320850	2431030.0000000000
2016-06-08 14:41:37,435	sn03	189.0370349884	2430740.0000000000
2016-06-08 14:41:38,436	sn03	190.0382359028	2429530.0000000000
2016-06-08 14:41:39,466	sn03	191.0682570934	2430700.0000000000
2016-06-08 14:41:40,449	sn03	192.0505480766	2430340.0000000000
2016-06-08 14:41:41,439	sn03	193.0407590866	2429630.0000000000
2016-06-08 14:41:42,435	sn03	194.0369610786	2429270.0000000000
2016-06-08 14:41:43,437	sn03	195.0391581059	2428590.0000000000
2016-06-08 14:41:44,435	sn03	196.0373558998	2427890.0000000000
2016-06-08 14:41:45,443	sn03	197.0445230007	2427730.0000000000
2016-06-08 14:41:46,441	sn03	198.0427589417	2427630.0000000000
2016-06-08 14:41:47,435	sn03	199.0369350910	2427130.0000000000
2016-06-08 14:41:48,439	sn03	200.0411369801	2426110.0000000000
2016-06-08 14:41:49,435	sn03	201.0373749733	2425910.0000000000
2016-06-08 14:41:50,475	sn03	202.0766680241	2423620.0000000000
2016-06-08 14:41:51,458	sn03	203.0597629547	2425530.0000000000
2016-06-08 14:41:52,441	sn03	204.0429611206	2426270.0000000000
2016-06-08 14:41:53,441	sn03	205.0431859493	2425200.0000000000
2016-06-08 14:41:54,435	sn03	206.0374279022	2424590.0000000000
2016-06-08 14:41:55,441	sn03	207.0425970554	2423090.0000000000
2016-06-08 14:41:56,452	sn03	208.0537641048	2423010.0000000000
2016-06-08 14:41:57,439	sn03	209.0409090519	2423970.0000000000
2016-06-08 14:41:58,435	sn03	210.0371599197	2423770.0000000000
2016-06-08 14:41:59,437	sn03	211.0393509865	2422860.0000000000
2016-06-08 14:42:00,436	sn03	212.0375580788	2422320.0000000000
2016-06-08 14:42:01,437	sn03	213.0386660099	2422370.0000000000
2016-06-08 14:42:02,467	sn03	214.0688381195	2421780.0000000000
2016-06-08 14:42:03,449	sn03	215.0511019230	2420910.0000000000
2016-06-08 14:42:04,439	sn03	216.0412890911	2421310.0000000000
2016-06-08 14:42:05,436	sn03	217.0375270844	2421860.0000000000
2016-06-08 14:42:06,438	sn03	218.0397510529	2421670.0000000000
2016-06-08 14:42:07,435	sn03	219.0369470119	2420760.0000000000
2016-06-08 14:42:08,443	sn03	220.0451829433	2420500.0000000000
2016-06-08 14:42:09,441	sn03	221.0433878899	2420140.0000000000
2016-06-08 14:42:10,436	sn03	222.0376789570	2419630.0000000000
2016-06-08 14:42:11,440	sn03	223.0418910980	2419180.0000000000
2016-06-08 14:42:12,435	sn03	224.0370640755	2419410.0000000000
2016-06-08 14:42:13,475	sn03	225.0772089958	2418320.0000000000
2016-06-08 14:42:14,459	sn03	226.0604710579	2417970.0000000000
2016-06-08 14:42:15,441	sn03	227.0426518917	2418250.0000000000
2016-06-08 14:42:16,442	sn03	228.0438899994	2417560.0000000000
2016-06-08 14:42:17,435	sn03	229.0370380878	2417580.0000000000
2016-06-08 14:42:18,440	sn03	230.0422129631	2417440.0000000000
2016-06-08 14:42:19,452	sn03	231.0534648895	2417370.0000000000
2016-06-08 14:42:20,439	sn03	232.0407750607	2417600.0000000000
2016-06-08 14:42:21,435	sn03	233.0369410515	2417600.0000000000
2016-06-08 14:42:22,437	sn03	234.0391159058	2416780.0000000000
2016-06-08 14:42:23,435	sn03	235.0372729301	2416730.0000000000
2016-06-08 14:42:24,437	sn03	236.0384750366	2416370.0000000000
2016-06-08 14:42:25,466	sn03	237.0676178932	2415410.0000000000
2016-06-08 14:42:26,450	sn03	238.0518290997	2416080.0000000000
2016-06-08 14:42:27,439	sn03	239.0410890579	2415790.0000000000
2016-06-08 14:42:28,435	sn03	240.0373508930	2414830.0000000000
2016-06-08 14:42:29,439	sn03	241.0405459404	2414940.0000000000
2016-06-08 14:42:30,436	sn03	242.0377860069	2415300.0000000000
2016-06-08 14:42:31,444	sn03	243.0459399223	2415360.0000000000
2016-06-08 14:42:32,435	sn03	244.0372660160	2415380.0000000000
2016-06-08 14:42:33,436	sn03	245.0375308990	2413790.0000000000
2016-06-08 14:42:34,441	sn03	246.0426509380	2414640.0000000000
2016-06-08 14:42:35,436	sn03	247.0378010273	2413220.0000000000
2016-06-08 14:42:36,476	sn03	248.0779659748	2413200.0000000000
2016-06-08 14:42:37,458	sn03	249.0602600574	2411490.0000000000
2016-06-08 14:42:38,442	sn03	250.0434679985	2412750.0000000000
2016-06-08 14:42:39,436	sn03	251.0376520157	2412660.0000000000
2016-06-08 14:42:40,436	sn03	252.0378088951	2413810.0000000000
2016-06-08 14:42:41,441	sn03	253.0430030823	2414430.0000000000
2016-06-08 14:42:42,452	sn03	254.0542979240	2413260.0000000000
2016-06-08 14:42:43,440	sn03	255.0414729118	2413100.0000000000
2016-06-08 14:42:44,436	sn03	256.0376551151	2412420.0000000000
2016-06-08 14:42:45,438	sn03	257.0398190022	2413090.0000000000
2016-06-08 14:42:46,435	sn03	258.0369939804	2412460.0000000000
2016-06-08 14:42:47,437	sn03	259.0392808914	2411960.0000000000
2016-06-08 14:42:48,468	sn03	260.0694670677	2411970.0000000000
2016-06-08 14:42:49,450	sn03	261.0516650677	2411920.0000000000
2016-06-08 14:42:50,440	sn03	262.0418329239	2411960.0000000000
2016-06-08 14:42:51,435	sn03	263.0370669365	2413290.0000000000
2016-06-08 14:42:52,438	sn03	264.0403699875	2411010.0000000000
2016-06-08 14:42:53,436	sn03	265.0375308990	2409790.0000000000
2016-06-08 14:42:54,444	sn03	266.0456640720	2410640.0000000000
2016-06-08 14:42:55,436	sn03	267.0378389359	2411230.0000000000
2016-06-08 14:42:56,436	sn03	268.0381009579	2411380.0000000000
2016-06-08 14:42:57,440	sn03	269.0423169136	2411370.0000000000
2016-06-08 14:42:58,436	sn03	270.0374739170	2411230.0000000000
2016-06-08 14:42:59,476	sn03	271.0776560307	2410470.0000000000
2016-06-08 14:43:00,459	sn03	272.0608730316	2410540.0000000000
2016-06-08 14:43:01,443	sn03	273.0450429916	2410250.0000000000
2016-06-08 14:43:02,435	sn03	274.0372169018	2409920.0000000000
2016-06-08 14:43:03,436	sn03	275.0384180546	2409570.0000000000
2016-06-08 14:43:04,442	sn03	276.0436820984	2409850.0000000000
2016-06-08 14:43:05,453	sn03	277.0547668934	2409240.0000000000
2016-06-08 14:43:06,440	sn03	278.0420188904	2409200.0000000000
2016-06-08 14:43:07,435	sn03	279.0371930599	2409080.0000000000
2016-06-08 14:43:08,438	sn03	280.0404260159	2409460.0000000000
2016-06-08 14:43:09,436	sn03	281.0376179218	2409000.0000000000
2016-06-08 14:43:10,437	sn03	282.0388290882	2408360.0000000000
2016-06-08 14:43:11,467	sn03	283.0690200329	2407470.0000000000
2016-06-08 14:43:12,450	sn03	284.0521349907	2407570.0000000000
2016-06-08 14:43:13,441	sn03	285.0425560474	2406940.0000000000
2016-06-08 14:43:14,436	sn03	286.0377800465	2406920.0000000000
2016-06-08 14:43:15,439	sn03	287.0409319401	2407010.0000000000
2016-06-08 14:43:16,435	sn03	288.0371971130	2406940.0000000000
2016-06-08 14:43:17,444	sn03	289.0464069843	2406160.0000000000
2016-06-08 14:43:18,436	sn03	290.0375978947	2406340.0000000000
2016-06-08 14:43:19,436	sn03	291.0377759933	2406380.0000000000
2016-06-08 14:43:20,441	sn03	292.0429201126	2405740.0000000000
2016-06-08 14:43:21,435	sn03	293.0370929241	2406140.0000000000
2016-06-08 14:43:22,476	sn03	294.0783450603	2406670.0000000000
2016-06-08 14:43:23,460	sn03	295.0616230965	2406610.0000000000
2016-06-08 14:43:24,442	sn03	296.0438098907	2406330.0000000000
2016-06-08 14:43:25,435	sn03	297.0370459557	2406420.0000000000
2016-06-08 14:43:26,436	sn03	298.0382180214	2407000.0000000000
2016-06-08 14:43:27,442	sn03	299.0435070992	2406790.0000000000
2016-06-08 14:43:28,457	sn03	300.0588810444	2406800.0000000000
2016-06-08 14:43:29,440	sn03	301.0419509411	2406740.0000000000
2016-06-08 14:43:30,435	sn03	302.0371708870	2406850.0000000000
2016-06-08 14:43:31,438	sn03	303.0403978825	2406780.0000000000
2016-06-08 14:43:32,436	sn03	304.0376160145	2406970.0000000000
2016-06-08 14:43:33,438	sn03	305.0397710800	2407550.0000000000
2016-06-08 14:43:34,468	sn03	306.0698790550	2406990.0000000000
2016-06-08 14:43:35,451	sn03	307.0531249046	2406660.0000000000
2016-06-08 14:43:36,440	sn03	308.0423109531	2405730.0000000000
2016-06-08 14:43:37,435	sn03	309.0374479294	2405990.0000000000
2016-06-08 14:43:38,439	sn03	310.0407168865	2405820.0000000000
2016-06-08 14:43:39,435	sn03	311.0368559361	2405140.0000000000
2016-06-08 14:43:40,444	sn03	312.0461480618	2405200.0000000000
2016-06-08 14:43:41,435	sn03	313.0374019146	2405040.0000000000
2016-06-08 14:43:42,437	sn03	314.0385560989	2405300.0000000000
2016-06-08 14:43:43,441	sn03	315.0427711010	2405090.0000000000
2016-06-08 14:43:44,435	sn03	316.0368709564	2405130.0000000000
2016-06-08 14:43:45,477	sn03	317.0790820122	2404570.0000000000
2016-06-08 14:43:46,459	sn03	318.0613229275	2404490.0000000000
2016-06-08 14:43:47,443	sn03	319.0446000099	2404210.0000000000
2016-06-08 14:43:48,436	sn03	320.0378038883	2403960.0000000000
2016-06-08 14:43:49,437	sn03	321.0390439034	2403170.0000000000
2016-06-08 14:43:50,435	sn03	322.0372850895	2401180.0000000000
2016-06-08 14:43:51,454	sn03	323.0554869175	2404090.0000000000
2016-06-08 14:43:52,440	sn03	324.0417890549	2405910.0000000000
2016-06-08 14:43:53,435	sn03	325.0369479656	2400850.0000000000
2016-06-08 14:43:54,439	sn03	326.0411059856	2405550.0000000000
2016-06-08 14:43:55,435	sn03	327.0372490883	2403480.0000000000
2016-06-08 14:43:56,439	sn03	328.0405039787	2403070.0000000000
2016-06-08 14:43:57,468	sn03	329.0696890354	2402920.0000000000
2016-06-08 14:43:58,451	sn03	330.0529561043	2403470.0000000000
2016-06-08 14:43:59,441	sn03	331.0430469513	2403320.0000000000
2016-06-08 14:44:00,435	sn03	332.0372750759	2403860.0000000000
2016-06-08 14:44:01,439	sn03	333.0413990021	2403110.0000000000
2016-06-08 14:44:02,436	sn03	334.0375909805	2402340.0000000000
2016-06-08 14:44:03,445	sn03	335.0468668938	2402470.0000000000
2016-06-08 14:44:04,435	sn03	336.0370969772	2403710.0000000000
2016-06-08 14:44:05,436	sn03	337.0382719040	2404130.0000000000
2016-06-08 14:44:06,441	sn03	338.0434510708	2403230.0000000000
2016-06-08 14:44:07,436	sn03	339.0376551151	2402920.0000000000
2016-06-08 14:44:08,477	sn03	340.0788769722	2402150.0000000000
2016-06-08 14:44:09,460	sn03	341.0621190071	2401380.0000000000
2016-06-08 14:44:10,443	sn03	342.0453329086	2404140.0000000000
2016-06-08 14:44:11,436	sn03	343.0375139713	2403710.0000000000
2016-06-08 14:44:12,438	sn03	344.0397329330	2403620.0000000000
2016-06-08 14:44:13,435	sn03	345.0368020535	2404170.0000000000
2016-06-08 14:44:14,454	sn03	346.0560228825	2402280.0000000000
2016-06-08 14:44:15,441	sn03	347.0431849957	2399780.0000000000
2016-06-08 14:44:16,435	sn03	348.0374040604	2401890.0000000000
2016-06-08 14:44:17,440	sn03	349.0416109562	2404510.0000000000
2016-06-08 14:44:18,436	sn03	350.0378050804	2401460.0000000000
2016-06-08 14:44:19,438	sn03	351.0400509834	2400390.0000000000
2016-06-08 14:44:20,468	sn03	352.0703499317	2401350.0000000000
2016-06-08 14:44:21,452	sn03	353.0535120964	2401380.0000000000
2016-06-08 14:44:22,441	sn03	354.0427620411	2401550.0000000000
2016-06-08 14:44:23,435	sn03	355.0370259285	2402530.0000000000
2016-06-08 14:44:24,439	sn03	356.0412740707	2402410.0000000000
2016-06-08 14:44:25,436	sn03	357.0375130177	2402270.0000000000
2016-06-08 14:44:26,449	sn03	358.0507860184	2401670.0000000000
2016-06-08 14:44:27,435	sn03	359.0370519161	2400810.0000000000
2016-06-08 14:44:28,437	sn03	360.0393359661	2400760.0000000000
2016-06-08 14:44:29,442	sn03	361.0435039997	2401060.0000000000
2016-06-08 14:44:30,436	sn03	362.0377349854	2401320.0000000000
2016-06-08 14:44:31,478	sn03	363.0798819065	2401550.0000000000
2016-06-08 14:44:32,460	sn03	364.0620310307	2401430.0000000000
2016-06-08 14:44:33,443	sn03	365.0453670025	2401100.0000000000
2016-06-08 14:44:34,436	sn03	366.0375881195	2401900.0000000000
2016-06-08 14:44:35,438	sn03	367.0398030281	2401550.0000000000
2016-06-08 14:44:36,435	sn03	368.0369999409	2401650.0000000000
2016-06-08 14:44:37,454	sn03	369.0563108921	2401240.0000000000
2016-06-08 14:44:38,441	sn03	370.0425128937	2401210.0000000000
2016-06-08 14:44:39,436	sn03	371.0376150608	2400770.0000000000
2016-06-08 14:44:40,440	sn03	372.0417630672	2400180.0000000000
2016-06-08 14:44:41,435	sn03	373.0370280743	2401090.0000000000
2016-06-08 14:44:42,439	sn03	374.0412631035	2399950.0000000000
2016-06-08 14:44:43,468	sn03	375.0704030991	2399740.0000000000
2016-06-08 14:44:44,452	sn03	376.0535640717	2397920.0000000000
2016-06-08 14:44:45,442	sn03	377.0437660217	2397360.0000000000
2016-06-08 14:44:46,435	sn03	378.0369920731	2399100.0000000000
2016-06-08 14:44:47,440	sn03	379.0422599316	2397300.0000000000
2016-06-08 14:44:48,436	sn03	380.0374639034	2395890.0000000000
2016-06-08 14:44:49,446	sn03	381.0476870537	2396910.0000000000
2016-06-08 14:44:50,435	sn03	382.0368630886	2396990.0000000000
2016-06-08 14:44:51,437	sn03	383.0389668941	2391970.0000000000
2016-06-08 14:44:52,435	sn03	384.0371301174	2392300.0000000000
2016-06-08 14:44:53,436	sn03	385.0383400917	2402310.0000000000
2016-06-08 14:44:54,478	sn03	386.0794661045	2398650.0000000000
2016-06-08 14:44:55,461	sn03	387.0626740456	2396770.0000000000
2016-06-08 14:44:56,444	sn03	388.0458190441	2397720.0000000000
2016-06-08 14:44:57,435	sn03	389.0369811058	2396870.0000000000
2016-06-08 14:44:58,438	sn03	390.0401589870	2399420.0000000000
2016-06-08 14:44:59,435	sn03	391.0374441147	2397790.0000000000
2016-06-08 14:45:00,455	sn03	392.0565569401	2398250.0000000000
2016-06-08 14:45:01,442	sn03	393.0438060760	2398480.0000000000
2016-06-08 14:45:02,435	sn03	394.0370059013	2398050.0000000000
2016-06-08 14:45:03,440	sn03	395.0422320366	2398320.0000000000
2016-06-08 14:45:04,435	sn03	396.0374410152	2395800.0000000000
2016-06-08 14:45:05,440	sn03	397.0416669846	2396120.0000000000
2016-06-08 14:45:06,469	sn03	398.0709319115	2397570.0000000000
2016-06-08 14:45:07,452	sn03	399.0540339947	2400030.0000000000
2016-06-08 14:45:08,435	sn03	400.0373299122	2400240.0000000000
2016-06-08 14:45:09,436	sn03	401.0375409126	2398180.0000000000
2016-06-08 14:45:10,441	sn03	402.0427689552	2399020.0000000000
2016-06-08 14:45:11,435	sn03	403.0369329453	2398720.0000000000
2016-06-08 14:45:12,446	sn03	404.0481090546	2399480.0000000000
2016-06-08 14:45:13,435	sn03	405.0372910500	2399260.0000000000
2016-06-08 14:45:14,438	sn03	406.0396149158	2398110.0000000000
2016-06-08 14:45:15,436	sn03	407.0378160477	2398860.0000000000
2016-06-08 14:45:16,436	sn03	408.0380089283	2399410.0000000000
2016-06-08 14:45:17,478	sn03	409.0802619457	2399340.0000000000
2016-06-08 14:45:18,461	sn03	410.0624859333	2399900.0000000000
2016-06-08 14:45:19,444	sn03	411.0457210541	2398300.0000000000
2016-06-08 14:45:20,435	sn03	412.0369329453	2398430.0000000000
2016-06-08 14:45:21,438	sn03	413.0401089191	2395670.0000000000
2016-06-08 14:45:22,435	sn03	414.0372719765	2396180.0000000000
2016-06-08 14:45:23,455	sn03	415.0565800667	2396410.0000000000
2016-06-08 14:45:24,442	sn03	416.0437309742	2396870.0000000000
2016-06-08 14:45:25,435	sn03	417.0370330811	2398300.0000000000
2016-06-08 14:45:26,440	sn03	418.0422708988	2399090.0000000000
2016-06-08 14:45:27,436	sn03	419.0375349522	2399090.0000000000
2016-06-08 14:45:28,440	sn03	420.0417671204	2399900.0000000000
2016-06-08 14:45:29,470	sn03	421.0719330311	2398070.0000000000
2016-06-08 14:45:30,452	sn03	422.0541679859	2398400.0000000000
2016-06-08 14:45:31,435	sn03	423.0373840332	2398990.0000000000
2016-06-08 14:45:32,436	sn03	424.0375928879	2398870.0000000000
2016-06-08 14:45:33,441	sn03	425.0427711010	2398660.0000000000
2016-06-08 14:45:34,435	sn03	426.0370330811	2398230.0000000000
2016-06-08 14:45:35,446	sn03	427.0482220650	2396890.0000000000
2016-06-08 14:45:36,436	sn03	428.0374579430	2398020.0000000000
2016-06-08 14:45:37,438	sn03	429.0396530628	2399820.0000000000
2016-06-08 14:45:38,436	sn03	430.0378110409	2399560.0000000000
2016-06-08 14:45:39,437	sn03	431.0390329361	2400750.0000000000
2016-06-08 14:45:40,478	sn03	432.0801720619	2399350.0000000000
2016-06-08 14:45:41,461	sn03	433.0633339882	2398170.0000000000
2016-06-08 14:45:42,444	sn03	434.0455338955	2396940.0000000000
2016-06-08 14:45:43,436	sn03	435.0377669334	2396360.0000000000
2016-06-08 14:45:44,439	sn03	436.0409638882	2398270.0000000000
2016-06-08 14:45:45,435	sn03	437.0372090340	2399050.0000000000
2016-06-08 14:45:46,455	sn03	438.0574350357	2397950.0000000000
2016-06-08 14:45:47,438	sn03	439.0397028923	2397170.0000000000
2016-06-08 14:45:48,436	sn03	440.0378620625	2397060.0000000000
2016-06-08 14:45:49,441	sn03	441.0430319309	2396740.0000000000
2016-06-08 14:45:50,435	sn03	442.0372850895	2397920.0000000000
2016-06-08 14:45:51,440	sn03	443.0414640903	2398060.0000000000
2016-06-08 14:45:52,470	sn03	444.0716609955	2398130.0000000000
2016-06-08 14:45:53,453	sn03	445.0548639297	2399170.0000000000
2016-06-08 14:45:54,435	sn03	446.0371110439	2396730.0000000000
2016-06-08 14:45:55,436	sn03	447.0383551121	2397200.0000000000
2016-06-08 14:45:56,442	sn03	448.0435221195	2398060.0000000000
2016-06-08 14:45:57,436	sn03	449.0377719402	2397550.0000000000
2016-06-08 14:45:58,447	sn03	450.0489149094	2397460.0000000000
2016-06-08 14:45:59,435	sn03	451.0371110439	2397040.0000000000
2016-06-08 14:46:00,438	sn03	452.0402920246	2398040.0000000000
2016-06-08 14:46:01,436	sn03	453.0374619961	2397030.0000000000
2016-06-08 14:46:02,437	sn03	454.0386250019	2397860.0000000000
2016-06-08 14:46:03,479	sn03	455.0808620453	2397400.0000000000
2016-06-08 14:46:04,461	sn03	456.0631110668	2397900.0000000000
2016-06-08 14:46:05,444	sn03	457.0463099480	2398000.0000000000
2016-06-08 14:46:06,436	sn03	458.0374989510	2396600.0000000000
2016-06-08 14:46:07,439	sn03	459.0407729149	2395620.0000000000
2016-06-08 14:46:08,435	sn03	460.0369229317	2396220.0000000000
2016-06-08 14:46:09,455	sn03	461.0570859909	2396310.0000000000
2016-06-08 14:46:10,438	sn03	462.0403180122	2397700.0000000000
2016-06-08 14:46:11,437	sn03	463.0385088921	2397920.0000000000
2016-06-08 14:46:12,441	sn03	464.0427050591	2398450.0000000000
2016-06-08 14:46:13,435	sn03	465.0368759632	2398960.0000000000
2016-06-08 14:46:14,440	sn03	466.0420920849	2397960.0000000000
2016-06-08 14:46:15,470	sn03	467.0722649097	2398070.0000000000
2016-06-08 14:46:16,454	sn03	468.0554881096	2397820.0000000000
2016-06-08 14:46:17,436	sn03	469.0376899242	2397300.0000000000
2016-06-08 14:46:18,437	sn03	470.0387859344	2397370.0000000000
2016-06-08 14:46:19,435	sn03	471.0370149612	2397700.0000000000
2016-06-08 14:46:20,435	sn03	472.0372650623	2397360.0000000000
2016-06-08 14:46:21,446	sn03	473.0484430790	2397280.0000000000
2016-06-08 14:46:22,436	sn03	474.0376720428	2397140.0000000000
2016-06-08 14:46:23,439	sn03	475.0408990383	2396320.0000000000
2016-06-08 14:46:24,435	sn03	476.0370628834	2397110.0000000000
2016-06-08 14:46:25,437	sn03	477.0392270088	2396820.0000000000
2016-06-08 14:46:26,436	sn03	478.0374898911	2396860.0000000000
2016-06-08 14:46:27,462	sn03	479.0636739731	2396930.0000000000
2016-06-08 14:46:28,445	sn03	480.0468130112	2397080.0000000000
2016-06-08 14:46:29,435	sn03	481.0370121002	2396780.0000000000
2016-06-08 14:46:30,439	sn03	482.0411870480	2395900.0000000000
2016-06-08 14:46:31,435	sn03	483.0374119282	2396110.0000000000
2016-06-08 14:46:32,456	sn03	484.0575499535	2395560.0000000000
2016-06-08 14:46:33,439	sn03	485.0407769680	2395640.0000000000
2016-06-08 14:46:34,437	sn03	486.0390119553	2396170.0000000000
2016-06-08 14:46:35,441	sn03	487.0432620049	2396590.0000000000
2016-06-08 14:46:36,436	sn03	488.0374920368	2396310.0000000000
2016-06-08 14:46:37,441	sn03	489.0427029133	2396000.0000000000
2016-06-08 14:46:38,471	sn03	490.0728220940	2396160.0000000000
2016-06-08 14:46:39,453	sn03	491.0551331043	2396240.0000000000
2016-06-08 14:46:40,436	sn03	492.0383639336	2396320.0000000000
2016-06-08 14:46:41,438	sn03	493.0395529270	2395470.0000000000
2016-06-08 14:46:42,436	sn03	494.0377130508	2395600.0000000000
2016-06-08 14:46:43,436	sn03	495.0379509926	2395240.0000000000
2016-06-08 14:46:44,447	sn03	496.0491840839	2395270.0000000000
2016-06-08 14:46:45,435	sn03	497.0373890400	2394930.0000000000
2016-06-08 14:46:46,440	sn03	498.0415759087	2395480.0000000000
2016-06-08 14:46:47,436	sn03	499.0377810001	2394980.0000000000
2016-06-08 14:46:48,438	sn03	500.0398950577	2394960.0000000000
2016-06-08 14:46:49,435	sn03	501.0371160507	2395390.0000000000
2016-06-08 14:46:50,462	sn03	502.0642790794	2396480.0000000000
2016-06-08 14:46:51,446	sn03	503.0475199223	2396320.0000000000
2016-06-08 14:46:52,436	sn03	504.0377140045	2396150.0000000000
2016-06-08 14:46:53,440	sn03	505.0418150425	2397490.0000000000
2016-06-08 14:46:54,435	sn03	506.0370481014	2395810.0000000000
2016-06-08 14:46:55,456	sn03	507.0582900047	2396020.0000000000
2016-06-08 14:46:56,438	sn03	508.0404560566	2396360.0000000000
2016-06-08 14:46:57,437	sn03	509.0386779308	2396710.0000000000
2016-06-08 14:46:58,435	sn03	510.0369350910	2396440.0000000000
2016-06-08 14:46:59,435	sn03	511.0371780396	2396400.0000000000
2016-06-08 14:47:00,441	sn03	512.0424730778	2396360.0000000000
2016-06-08 14:47:01,471	sn03	513.0726299286	2396350.0000000000
2016-06-08 14:47:02,454	sn03	514.0558960438	2396160.0000000000
2016-06-08 14:47:03,437	sn03	515.0390169621	2396490.0000000000
2016-06-08 14:47:04,437	sn03	516.0392169952	2396570.0000000000
2016-06-08 14:47:05,435	sn03	517.0373880863	2396350.0000000000
2016-06-08 14:47:06,437	sn03	518.0386600494	2396100.0000000000
2016-06-08 14:47:07,448	sn03	519.0498309135	2396110.0000000000
2016-06-08 14:47:08,435	sn03	520.0370540619	2396090.0000000000
2016-06-08 14:47:09,439	sn03	521.0412619114	2395930.0000000000
2016-06-08 14:47:10,436	sn03	522.0374689102	2395760.0000000000
2016-06-08 14:47:11,438	sn03	523.0398170948	2395490.0000000000
2016-06-08 14:47:12,435	sn03	524.0369369984	2395120.0000000000
2016-06-08 14:47:13,462	sn03	525.0642058849	2395410.0000000000
2016-06-08 14:47:14,445	sn03	526.0474119186	2395340.0000000000
2016-06-08 14:47:15,436	sn03	527.0375781059	2395360.0000000000
2016-06-08 14:47:16,440	sn03	528.0417809486	2395550.0000000000
2016-06-08 14:47:17,435	sn03	529.0370368958	2395270.0000000000
2016-06-08 14:47:18,460	sn03	530.0622689724	2395420.0000000000
2016-06-08 14:47:19,439	sn03	531.0414390564	2395370.0000000000
2016-06-08 14:47:20,438	sn03	532.0396370888	2395460.0000000000
2016-06-08 14:47:21,435	sn03	533.0368120670	2395500.0000000000
2016-06-08 14:47:22,436	sn03	534.0380039215	2394880.0000000000
2016-06-08 14:47:23,441	sn03	535.0432679653	2395120.0000000000
2016-06-08 14:47:24,472	sn03	536.0734610558	2394820.0000000000
2016-06-08 14:47:25,454	sn03	537.0557029247	2394900.0000000000
2016-06-08 14:47:26,437	sn03	538.0389211178	2395150.0000000000
2016-06-08 14:47:27,438	sn03	539.0401360989	2394570.0000000000
2016-06-08 14:47:28,435	sn03	540.0372629166	2394460.0000000000
2016-06-08 14:47:29,437	sn03	541.0385251045	2393870.0000000000
2016-06-08 14:47:30,452	sn03	542.0536708832	2393200.0000000000
2016-06-08 14:47:31,436	sn03	543.0378949642	2394080.0000000000
2016-06-08 14:47:32,440	sn03	544.0420970917	2393270.0000000000
2016-06-08 14:47:33,435	sn03	545.0373198986	2393380.0000000000
2016-06-08 14:47:34,439	sn03	546.0405750275	2394740.0000000000
2016-06-08 14:47:35,436	sn03	547.0377850533	2394740.0000000000
2016-06-08 14:47:36,463	sn03	548.0648939610	2392860.0000000000
2016-06-08 14:47:37,446	sn03	549.0481729507	2395020.0000000000
2016-06-08 14:47:38,435	sn03	550.0374460220	2395150.0000000000
2016-06-08 14:47:39,441	sn03	551.0426590443	2395740.0000000000
2016-06-08 14:47:40,435	sn03	552.0369219780	2395240.0000000000
2016-06-08 14:47:41,460	sn03	553.0621719360	2394750.0000000000
2016-06-08 14:47:42,439	sn03	554.0414381027	2394560.0000000000
2016-06-08 14:47:43,438	sn03	555.0396819115	2394610.0000000000
2016-06-08 14:47:44,435	sn03	556.0368640423	2394690.0000000000
2016-06-08 14:47:45,436	sn03	557.0380680561	2394680.0000000000
2016-06-08 14:47:46,441	sn03	558.0432960987	2394670.0000000000
2016-06-08 14:47:47,472	sn03	559.0734720230	2394450.0000000000
2016-06-08 14:47:48,455	sn03	560.0568099022	2394300.0000000000
2016-06-08 14:47:49,437	sn03	561.0389449596	2394340.0000000000
2016-06-08 14:47:50,438	sn03	562.0401759148	2394250.0000000000
2016-06-08 14:47:51,435	sn03	563.0373959541	2394250.0000000000
2016-06-08 14:47:52,437	sn03	564.0386309624	2394020.0000000000
2016-06-08 14:47:53,448	sn03	565.0497989655	2394040.0000000000
2016-06-08 14:47:54,435	sn03	566.0369980335	2393790.0000000000
2016-06-08 14:47:55,440	sn03	567.0421578884	2394190.0000000000
2016-06-08 14:47:56,435	sn03	568.0373198986	2393720.0000000000
2016-06-08 14:47:57,439	sn03	569.0405199528	2393520.0000000000
2016-06-08 14:47:58,436	sn03	570.0377819538	2393400.0000000000
2016-06-08 14:47:59,463	sn03	571.0649089813	2393420.0000000000
2016-06-08 14:48:00,446	sn03	572.0482480526	2393010.0000000000
2016-06-08 14:48:01,435	sn03	573.0374560356	2394930.0000000000
2016-06-08 14:48:02,441	sn03	574.0427529812	2393820.0000000000
2016-06-08 14:48:03,435	sn03	575.0369110107	2393620.0000000000
2016-06-08 14:48:04,460	sn03	576.0622200966	2393660.0000000000
2016-06-08 14:48:05,439	sn03	577.0414459705	2394030.0000000000
2016-06-08 14:48:06,438	sn03	578.0396969318	2394080.0000000000
2016-06-08 14:48:07,436	sn03	579.0378448963	2394620.0000000000
2016-06-08 14:48:08,436	sn03	580.0379979610	2394310.0000000000
2016-06-08 14:48:09,442	sn03	581.0441980362	2393550.0000000000
2016-06-08 14:48:10,472	sn03	582.0743949413	2394590.0000000000
2016-06-08 14:48:11,455	sn03	583.0566051006	2395970.0000000000
2016-06-08 14:48:12,437	sn03	584.0388069153	2395010.0000000000
2016-06-08 14:48:13,439	sn03	585.0408740044	2394440.0000000000
2016-06-08 14:48:14,435	sn03	586.0371110439	2393330.0000000000
2016-06-08 14:48:15,437	sn03	587.0392971039	2393790.0000000000
2016-06-08 14:48:16,449	sn03	588.0504989624	2394080.0000000000
2016-06-08 14:48:17,436	sn03	589.0377209187	2394260.0000000000
2016-06-08 14:48:18,441	sn03	590.0429210663	2394130.0000000000
2016-06-08 14:48:19,435	sn03	591.0372149944	2393880.0000000000
2016-06-08 14:48:20,439	sn03	592.0414021015	2393640.0000000000
2016-06-08 14:48:21,436	sn03	593.0375339985	2393450.0000000000
2016-06-08 14:48:22,464	sn03	594.0657451153	2392110.0000000000
2016-06-08 14:48:23,447	sn03	595.0489799976	2394060.0000000000
2016-06-08 14:48:24,436	sn03	596.0382239819	2393740.0000000000
2016-06-08 14:48:25,442	sn03	597.0434730053	2393350.0000000000
2016-06-08 14:48:26,436	sn03	598.0377240181	2393230.0000000000
2016-06-08 14:48:27,461	sn03	599.0628190041	2392790.0000000000
2016-06-08 14:48:28,440	sn03	600.0419359207	2392840.0000000000
2016-06-08 14:48:29,438	sn03	601.0402050018	2392590.0000000000
2016-06-08 14:48:30,435	sn03	602.0374488831	2392060.0000000000
2016-06-08 14:48:31,437	sn03	603.0386629105	2391910.0000000000
2016-06-08 14:48:32,442	sn03	604.0438520908	2391870.0000000000
2016-06-08 14:48:33,471	sn03	605.0730240345	2391840.0000000000
2016-06-08 14:48:34,455	sn03	606.0571980476	2391450.0000000000
2016-06-08 14:48:35,439	sn03	607.0404589176	2392520.0000000000
2016-06-08 14:48:36,439	sn03	608.0406620502	2393600.0000000000
2016-06-08 14:48:37,436	sn03	609.0378749371	2393050.0000000000
2016-06-08 14:48:38,438	sn03	610.0401320457	2391300.0000000000
2016-06-08 14:48:39,449	sn03	611.0513250828	2390870.0000000000
2016-06-08 14:48:40,436	sn03	612.0375649929	2391160.0000000000
2016-06-08 14:48:41,441	sn03	613.0428280830	2391900.0000000000
2016-06-08 14:48:42,435	sn03	614.0370750427	2392040.0000000000
2016-06-08 14:48:43,439	sn03	615.0412480831	2392000.0000000000
2016-06-08 14:48:44,435	sn03	616.0373289585	2392200.0000000000
2016-06-08 14:48:45,464	sn03	617.0656518936	2392260.0000000000
2016-06-08 14:48:46,447	sn03	618.0487999916	2392050.0000000000
2016-06-08 14:48:47,437	sn03	619.0390000343	2391580.0000000000
2016-06-08 14:48:48,441	sn03	620.0431830883	2391620.0000000000
2016-06-08 14:48:49,435	sn03	621.0373790264	2392200.0000000000
2016-06-08 14:48:50,462	sn03	622.0634520054	2392220.0000000000
2016-06-08 14:48:51,441	sn03	623.0427501202	2392400.0000000000
2016-06-08 14:48:52,439	sn03	624.0409760475	2392050.0000000000
2016-06-08 14:48:53,435	sn03	625.0372250080	2391870.0000000000
2016-06-08 14:48:54,437	sn03	626.0394229889	2391760.0000000000
2016-06-08 14:48:55,443	sn03	627.0445709229	2391480.0000000000
2016-06-08 14:48:56,473	sn03	628.0747900009	2391370.0000000000
2016-06-08 14:48:57,456	sn03	629.0579979420	2391840.0000000000
2016-06-08 14:48:58,438	sn03	630.0402469635	2392200.0000000000
2016-06-08 14:48:59,439	sn03	631.0414519310	2392620.0000000000
2016-06-08 14:49:00,436	sn03	632.0376789570	2392630.0000000000
2016-06-08 14:49:01,438	sn03	633.0398690701	2392850.0000000000
2016-06-08 14:49:02,449	sn03	634.0510048866	2392640.0000000000
2016-06-08 14:49:03,436	sn03	635.0383861065	2391160.0000000000
2016-06-08 14:49:04,442	sn03	636.0435650349	2391030.0000000000
2016-06-08 14:49:05,436	sn03	637.0378010273	2389860.0000000000
2016-06-08 14:49:06,440	sn03	638.0419340134	2389570.0000000000
2016-06-08 14:49:07,435	sn03	639.0371680260	2390110.0000000000
2016-06-08 14:49:08,464	sn03	640.0663800240	2392200.0000000000
2016-06-08 14:49:09,447	sn03	641.0486400127	2391590.0000000000
2016-06-08 14:49:10,437	sn03	642.0388400555	2390160.0000000000
2016-06-08 14:49:11,435	sn03	643.0371561050	2390100.0000000000
2016-06-08 14:49:12,435	sn03	644.0373599529	2391950.0000000000
2016-06-08 14:49:13,462	sn03	645.0635390282	2392360.0000000000
2016-06-08 14:49:14,441	sn03	646.0427989960	2390820.0000000000
2016-06-08 14:49:15,439	sn03	647.0409328938	2391530.0000000000
2016-06-08 14:49:16,435	sn03	648.0371680260	2391550.0000000000
2016-06-08 14:49:17,437	sn03	649.0393390656	2391120.0000000000
2016-06-08 14:49:18,436	sn03	650.0376050472	2391020.0000000000
2016-06-08 14:49:19,473	sn03	651.0748069286	2391720.0000000000
2016-06-08 14:49:20,456	sn03	652.0578820705	2390320.0000000000
2016-06-08 14:49:21,439	sn03	653.0412530899	2390510.0000000000
2016-06-08 14:49:22,440	sn03	654.0414540768	2390810.0000000000
2016-06-08 14:49:23,436	sn03	655.0376420021	2389550.0000000000
2016-06-08 14:49:24,439	sn03	656.0408060551	2389650.0000000000
2016-06-08 14:49:25,450	sn03	657.0520050526	2390050.0000000000
2016-06-08 14:49:26,436	sn03	658.0383028984	2391320.0000000000
2016-06-08 14:49:27,442	sn03	659.0435669422	2390580.0000000000
2016-06-08 14:49:28,436	sn03	660.0378029346	2390430.0000000000
2016-06-08 14:49:29,440	sn03	661.0419139862	2391050.0000000000
2016-06-08 14:49:30,435	sn03	662.0371038914	2392070.0000000000
2016-06-08 14:49:31,464	sn03	663.0662910938	2392380.0000000000
2016-06-08 14:49:32,448	sn03	664.0495469570	2391200.0000000000
2016-06-08 14:49:33,437	sn03	665.0388290882	2390020.0000000000
2016-06-08 14:49:34,435	sn03	666.0368280411	2391250.0000000000
2016-06-08 14:49:35,436	sn03	667.0381360054	2391000.0000000000
2016-06-08 14:49:36,462	sn03	668.0642240047	2390270.0000000000
2016-06-08 14:49:37,442	sn03	669.0436649323	2390210.0000000000
2016-06-08 14:49:38,439	sn03	670.0407929420	2391180.0000000000
2016-06-08 14:49:39,435	sn03	671.0369369984	2391840.0000000000
2016-06-08 14:49:40,438	sn03	672.0401799679	2391910.0000000000
2016-06-08 14:49:41,435	sn03	673.0373508930	2390960.0000000000
2016-06-08 14:49:42,473	sn03	674.0754170418	2390380.0000000000
2016-06-08 14:49:43,457	sn03	675.0586509705	2390190.0000000000
2016-06-08 14:49:44,439	sn03	676.0408539772	2390250.0000000000
2016-06-08 14:49:45,440	sn03	677.0420799255	2390300.0000000000
2016-06-08 14:49:46,435	sn03	678.0373079777	2390330.0000000000
2016-06-08 14:49:47,439	sn03	679.0405108929	2390340.0000000000
2016-06-08 14:49:48,450	sn03	680.0515670776	2390630.0000000000
2016-06-08 14:49:49,437	sn03	681.0388350487	2391020.0000000000
2016-06-08 14:49:50,435	sn03	682.0369870663	2391220.0000000000
2016-06-08 14:49:51,435	sn03	683.0372591019	2391310.0000000000
2016-06-08 14:49:52,440	sn03	684.0424039364	2391110.0000000000
2016-06-08 14:49:53,436	sn03	685.0375699997	2390940.0000000000
2016-06-08 14:49:54,465	sn03	686.0666909218	2391010.0000000000
2016-06-08 14:49:55,448	sn03	687.0498828888	2390960.0000000000
2016-06-08 14:49:56,438	sn03	688.0401229858	2390970.0000000000
2016-06-08 14:49:57,435	sn03	689.0374131203	2391010.0000000000
2016-06-08 14:49:58,437	sn03	690.0386250019	2390810.0000000000
2016-06-08 14:49:59,462	sn03	691.0637969971	2390890.0000000000
2016-06-08 14:50:00,442	sn03	692.0439839363	2391180.0000000000
2016-06-08 14:50:01,439	sn03	693.0412070751	2391120.0000000000
2016-06-08 14:50:02,435	sn03	694.0374379158	2391420.0000000000
2016-06-08 14:50:03,439	sn03	695.0406320095	2391020.0000000000
2016-06-08 14:50:04,436	sn03	696.0378580093	2390910.0000000000
2016-06-08 14:50:05,473	sn03	697.0750989914	2390240.0000000000
2016-06-08 14:50:06,456	sn03	698.0583000183	2390170.0000000000
2016-06-08 14:50:07,440	sn03	699.0415461063	2390780.0000000000
2016-06-08 14:50:08,440	sn03	700.0418360233	2390690.0000000000
2016-06-08 14:50:09,435	sn03	701.0370390415	2391560.0000000000
2016-06-08 14:50:10,439	sn03	702.0411710739	2391040.0000000000
2016-06-08 14:50:11,451	sn03	703.0525169373	2391290.0000000000
2016-06-08 14:50:12,438	sn03	704.0397510529	2390840.0000000000
2016-06-08 14:50:13,435	sn03	705.0368440151	2391040.0000000000
2016-06-08 14:50:14,436	sn03	706.0380458832	2390810.0000000000
2016-06-08 14:50:15,441	sn03	707.0432100296	2390050.0000000000
2016-06-08 14:50:16,436	sn03	708.0375330448	2388990.0000000000
2016-06-08 14:50:17,465	sn03	709.0667340755	2389010.0000000000
2016-06-08 14:50:18,448	sn03	710.0498681068	2390920.0000000000
2016-06-08 14:50:19,438	sn03	711.0401420593	2392630.0000000000
2016-06-08 14:50:20,435	sn03	712.0373129845	2389950.0000000000
2016-06-08 14:50:21,437	sn03	713.0384979248	2391570.0000000000
2016-06-08 14:50:22,463	sn03	714.0647220612	2390550.0000000000
2016-06-08 14:50:23,442	sn03	715.0439360142	2389670.0000000000
2016-06-08 14:50:24,440	sn03	716.0422079563	2388700.0000000000
2016-06-08 14:50:25,436	sn03	717.0374779701	2389790.0000000000
2016-06-08 14:50:26,439	sn03	718.0406239033	2388700.0000000000
2016-06-08 14:50:27,436	sn03	719.0378339291	2388050.0000000000
2016-06-08 14:50:28,474	sn03	720.0760118961	2388850.0000000000
2016-06-08 14:50:29,457	sn03	721.0592451096	2389410.0000000000
2016-06-08 14:50:30,440	sn03	722.0414979458	2389150.0000000000
2016-06-08 14:50:31,441	sn03	723.0426969528	2388770.0000000000
2016-06-08 14:50:32,435	sn03	724.0368740559	2388770.0000000000
2016-06-08 14:50:33,439	sn03	725.0411350727	2388390.0000000000
2016-06-08 14:50:34,454	sn03	726.0563890934	2388940.0000000000
2016-06-08 14:50:35,438	sn03	727.0396440029	2388930.0000000000
2016-06-08 14:50:36,436	sn03	728.0378348827	2388670.0000000000
2016-06-08 14:50:37,437	sn03	729.0391230583	2388730.0000000000
2016-06-08 14:50:38,441	sn03	730.0433540344	2389000.0000000000
2016-06-08 14:50:39,436	sn03	731.0376529694	2389220.0000000000
2016-06-08 14:50:40,467	sn03	732.0688118935	2389060.0000000000
2016-06-08 14:50:41,449	sn03	733.0510580540	2386260.0000000000
2016-06-08 14:50:42,438	sn03	734.0403621197	2386180.0000000000
2016-06-08 14:50:43,436	sn03	735.0375649929	2385250.0000000000
2016-06-08 14:50:44,437	sn03	736.0388360023	2383050.0000000000
2016-06-08 14:50:45,435	sn03	737.0368499756	2384470.0000000000
2016-06-08 14:50:46,442	sn03	738.0442390442	2384280.0000000000
2016-06-08 14:50:47,440	sn03	739.0424120426	2385170.0000000000
2016-06-08 14:50:48,436	sn03	740.0375320911	2384760.0000000000
2016-06-08 14:50:49,439	sn03	741.0407130718	2385100.0000000000
2016-06-08 14:50:50,435	sn03	742.0369369984	2387430.0000000000
2016-06-08 14:50:51,474	sn03	743.0761659145	2387210.0000000000
2016-06-08 14:50:52,457	sn03	744.0594139099	2386810.0000000000
2016-06-08 14:50:53,440	sn03	745.0416510105	2387960.0000000000
2016-06-08 14:50:54,441	sn03	746.0428690910	2388000.0000000000
2016-06-08 14:50:55,435	sn03	747.0371708870	2387850.0000000000
2016-06-08 14:50:56,440	sn03	748.0424220562	2388420.0000000000
2016-06-08 14:50:57,451	sn03	749.0526220798	2388190.0000000000
2016-06-08 14:50:58,438	sn03	750.0398449898	2388220.0000000000
2016-06-08 14:50:59,435	sn03	751.0370700359	2387900.0000000000
2016-06-08 14:51:00,436	sn03	752.0382900238	2387440.0000000000
2016-06-08 14:51:01,442	sn03	753.0434830189	2386310.0000000000
2016-06-08 14:51:02,436	sn03	754.0376629829	2386970.0000000000
2016-06-08 14:51:03,466	sn03	755.0678210258	2387730.0000000000
2016-06-08 14:51:04,449	sn03	756.0510220528	2385830.0000000000
2016-06-08 14:51:05,439	sn03	757.0412108898	2386420.0000000000
2016-06-08 14:51:06,435	sn03	758.0374069214	2384920.0000000000
2016-06-08 14:51:07,438	sn03	759.0396308899	2385940.0000000000
2016-06-08 14:51:08,464	sn03	760.0658130646	2386600.0000000000
2016-06-08 14:51:09,443	sn03	761.0450010300	2385340.0000000000
2016-06-08 14:51:10,440	sn03	762.0422899723	2386180.0000000000
2016-06-08 14:51:11,436	sn03	763.0375549793	2385280.0000000000
2016-06-08 14:51:12,439	sn03	764.0407199860	2386990.0000000000
2016-06-08 14:51:13,435	sn03	765.0368759632	2386280.0000000000
2016-06-08 14:51:14,475	sn03	766.0771110058	2386290.0000000000
2016-06-08 14:51:15,457	sn03	767.0593650341	2386460.0000000000
2016-06-08 14:51:16,441	sn03	768.0426440239	2386830.0000000000
2016-06-08 14:51:17,435	sn03	769.0368139744	2387920.0000000000
2016-06-08 14:51:18,435	sn03	770.0370008945	2387770.0000000000
2016-06-08 14:51:19,440	sn03	771.0421650410	2387540.0000000000
2016-06-08 14:51:20,451	sn03	772.0533659458	2387690.0000000000
2016-06-08 14:51:21,439	sn03	773.0406301022	2387400.0000000000
2016-06-08 14:51:22,436	sn03	774.0378179550	2387510.0000000000
2016-06-08 14:51:23,437	sn03	775.0390169621	2387970.0000000000
2016-06-08 14:51:24,435	sn03	776.0371949673	2388210.0000000000
2016-06-08 14:51:25,436	sn03	777.0383670330	2387420.0000000000
2016-06-08 14:51:26,467	sn03	778.0685539246	2387730.0000000000
2016-06-08 14:51:27,450	sn03	779.0518019199	2387680.0000000000
2016-06-08 14:51:28,439	sn03	780.0409679413	2387980.0000000000
2016-06-08 14:51:29,435	sn03	781.0371909142	2388400.0000000000
2016-06-08 14:51:30,437	sn03	782.0394148827	2388630.0000000000
2016-06-08 14:51:31,436	sn03	783.0376539230	2385830.0000000000
2016-06-08 14:51:32,443	sn03	784.0448389053	2386050.0000000000
2016-06-08 14:51:33,441	sn03	785.0431060791	2386740.0000000000
2016-06-08 14:51:34,436	sn03	786.0382039547	2387090.0000000000
2016-06-08 14:51:35,439	sn03	787.0413661003	2386040.0000000000
2016-06-08 14:51:36,436	sn03	788.0375320911	2382870.0000000000
2016-06-08 14:51:37,475	sn03	789.0767340660	2382790.0000000000
2016-06-08 14:51:38,458	sn03	790.0598928928	2388260.0000000000
2016-06-08 14:51:39,441	sn03	791.0431361198	2387070.0000000000
2016-06-08 14:51:40,435	sn03	792.0373380184	2385780.0000000000
2016-06-08 14:51:41,436	sn03	793.0375089645	2376250.0000000000
2016-06-08 14:51:42,441	sn03	794.0426559448	2382650.0000000000
2016-06-08 14:51:43,452	sn03	795.0538420677	2386040.0000000000
2016-06-08 14:51:44,439	sn03	796.0409479141	2379570.0000000000
2016-06-08 14:51:45,435	sn03	797.0371680260	2381570.0000000000
2016-06-08 14:51:46,437	sn03	798.0394270420	2385240.0000000000
2016-06-08 14:51:47,436	sn03	799.0376579762	2383880.0000000000
2016-06-08 14:51:48,437	sn03	800.0388278961	2382740.0000000000
2016-06-08 14:51:49,467	sn03	801.0691039562	2382730.0000000000
2016-06-08 14:51:50,449	sn03	802.0512900352	2381970.0000000000
2016-06-08 14:51:51,440	sn03	803.0415709019	2383210.0000000000
2016-06-08 14:51:52,436	sn03	804.0377299786	2382210.0000000000
2016-06-08 14:51:53,438	sn03	805.0398449898	2382620.0000000000
2016-06-08 14:51:54,435	sn03	806.0370440483	2382740.0000000000
2016-06-08 14:51:55,443	sn03	807.0452950001	2384710.0000000000
2016-06-08 14:51:56,441	sn03	808.0434479713	2382790.0000000000
2016-06-08 14:51:57,436	sn03	809.0376129150	2382160.0000000000
2016-06-08 14:51:58,440	sn03	810.0418210030	2383750.0000000000
2016-06-08 14:51:59,435	sn03	811.0369439125	2384000.0000000000
2016-06-08 14:52:00,476	sn03	812.0781459808	2384720.0000000000
2016-06-08 14:52:01,458	sn03	813.0603830814	2385510.0000000000
2016-06-08 14:52:02,442	sn03	814.0435581207	2384580.0000000000
2016-06-08 14:52:03,442	sn03	815.0437550545	2384930.0000000000
2016-06-08 14:52:04,436	sn03	816.0379021168	2384960.0000000000
2016-06-08 14:52:05,441	sn03	817.0431311131	2384640.0000000000
2016-06-08 14:52:06,452	sn03	818.0544059277	2385230.0000000000
2016-06-08 14:52:07,440	sn03	819.0415830612	2385030.0000000000
2016-06-08 14:52:08,436	sn03	820.0377640724	2385890.0000000000
2016-06-08 14:52:09,438	sn03	821.0399589539	2385070.0000000000
2016-06-08 14:52:10,435	sn03	822.0371448994	2385180.0000000000
2016-06-08 14:52:11,437	sn03	823.0393650532	2384150.0000000000
2016-06-08 14:52:12,467	sn03	824.0685570240	2385680.0000000000
2016-06-08 14:52:13,450	sn03	825.0518479347	2384710.0000000000
2016-06-08 14:52:14,440	sn03	826.0419991016	2383670.0000000000
2016-06-08 14:52:15,435	sn03	827.0371840000	2384140.0000000000
2016-06-08 14:52:16,438	sn03	828.0404000282	2384440.0000000000
2016-06-08 14:52:17,436	sn03	829.0376379490	2383640.0000000000
2016-06-08 14:52:18,444	sn03	830.0458500385	2383170.0000000000
2016-06-08 14:52:19,435	sn03	831.0368940830	2384220.0000000000
2016-06-08 14:52:20,435	sn03	832.0371439457	2385830.0000000000
2016-06-08 14:52:21,440	sn03	833.0424289703	2382500.0000000000
2016-06-08 14:52:22,436	sn03	834.0376119614	2381370.0000000000
2016-06-08 14:52:23,476	sn03	835.0778210163	2383180.0000000000
2016-06-08 14:52:24,459	sn03	836.0610260963	2383440.0000000000
2016-06-08 14:52:25,441	sn03	837.0432929993	2383370.0000000000
2016-06-08 14:52:26,436	sn03	838.0375549793	2383640.0000000000
2016-06-08 14:52:27,436	sn03	839.0377550125	2384680.0000000000
2016-06-08 14:52:28,441	sn03	840.0429189205	2384590.0000000000
2016-06-08 14:52:29,452	sn03	841.0542190075	2384860.0000000000
2016-06-08 14:52:30,439	sn03	842.0412979126	2384870.0000000000
2016-06-08 14:52:31,436	sn03	843.0374989510	2382230.0000000000
2016-06-08 14:52:32,438	sn03	844.0398240089	2383900.0000000000
2016-06-08 14:52:33,435	sn03	845.0368471146	2379820.0000000000
2016-06-08 14:52:34,437	sn03	846.0390410423	2380340.0000000000
2016-06-08 14:52:35,467	sn03	847.0692720413	2382820.0000000000
2016-06-08 14:52:36,451	sn03	848.0525350571	2384160.0000000000
2016-06-08 14:52:37,440	sn03	849.0418219566	2383620.0000000000
2016-06-08 14:52:38,435	sn03	850.0370709896	2383200.0000000000
2016-06-08 14:52:39,438	sn03	851.0402998924	2382530.0000000000
2016-06-08 14:52:40,436	sn03	852.0374519825	2384970.0000000000
2016-06-08 14:52:41,444	sn03	853.0456960201	2383310.0000000000
2016-06-08 14:52:42,435	sn03	854.0368719101	2382920.0000000000
2016-06-08 14:52:43,436	sn03	855.0380690098	2380370.0000000000
2016-06-08 14:52:44,440	sn03	856.0423920155	2383370.0000000000
2016-06-08 14:52:45,436	sn03	857.0376079082	2385370.0000000000
2016-06-08 14:52:46,477	sn03	858.0787050724	2385310.0000000000
2016-06-08 14:52:47,459	sn03	859.0608880520	2385520.0000000000
2016-06-08 14:52:48,442	sn03	860.0441501141	2384430.0000000000
2016-06-08 14:52:49,435	sn03	861.0372738838	2383760.0000000000
2016-06-08 14:52:50,437	sn03	862.0385270119	2382540.0000000000
2016-06-08 14:52:51,442	sn03	863.0438389778	2382950.0000000000
2016-06-08 14:52:52,453	sn03	864.0549740791	2384790.0000000000
2016-06-08 14:52:53,440	sn03	865.0422489643	2384860.0000000000
2016-06-08 14:52:54,436	sn03	866.0374550819	2384350.0000000000
2016-06-08 14:52:55,439	sn03	867.0406839848	2383690.0000000000
2016-06-08 14:52:56,435	sn03	868.0368380547	2384120.0000000000
2016-06-08 14:52:57,438	sn03	869.0400269032	2382760.0000000000
2016-06-08 14:52:58,468	sn03	870.0703489780	2381400.0000000000
2016-06-08 14:52:59,451	sn03	871.0525898933	2381410.0000000000
2016-06-08 14:53:00,441	sn03	872.0427279472	2383620.0000000000
2016-06-08 14:53:01,436	sn03	873.0379660130	2383540.0000000000
2016-06-08 14:53:02,439	sn03	874.0411579609	2385820.0000000000
2016-06-08 14:53:03,435	sn03	875.0372760296	2386830.0000000000
2016-06-08 14:53:04,445	sn03	876.0464649200	2384980.0000000000
2016-06-08 14:53:05,436	sn03	877.0376849174	2385110.0000000000
2016-06-08 14:53:06,436	sn03	878.0379009247	2385640.0000000000
2016-06-08 14:53:07,441	sn03	879.0431120396	2383580.0000000000
2016-06-08 14:53:08,435	sn03	880.0373129845	2383950.0000000000
2016-06-08 14:53:09,476	sn03	881.0784490108	2384110.0000000000
2016-06-08 14:53:10,460	sn03	882.0616381168	2384920.0000000000
2016-06-08 14:53:11,442	sn03	883.0438740253	2384920.0000000000
2016-06-08 14:53:12,435	sn03	884.0370769501	2384620.0000000000
2016-06-08 14:53:13,436	sn03	885.0383760929	2384070.0000000000
2016-06-08 14:53:14,442	sn03	886.0436139107	2384210.0000000000
2016-06-08 14:53:15,453	sn03	887.0548269749	2384080.0000000000
2016-06-08 14:53:16,440	sn03	888.0419769287	2384250.0000000000
2016-06-08 14:53:17,435	sn03	889.0371739864	2383590.0000000000
2016-06-08 14:53:18,438	sn03	890.0403289795	2384140.0000000000
2016-06-08 14:53:19,436	sn03	891.0375230312	2384160.0000000000
2016-06-08 14:53:20,438	sn03	892.0397460461	2384140.0000000000
2016-06-08 14:53:21,468	sn03	893.0698499680	2384110.0000000000
2016-06-08 14:53:22,451	sn03	894.0530879498	2384070.0000000000
2016-06-08 14:53:23,440	sn03	895.0422959328	2383700.0000000000
2016-06-08 14:53:24,436	sn03	896.0374760628	2383460.0000000000
2016-06-08 14:53:25,439	sn03	897.0407710075	2383390.0000000000
2016-06-08 14:53:26,435	sn03	898.0369610786	2383120.0000000000
2016-06-08 14:53:27,444	sn03	899.0462028980	2383230.0000000000
2016-06-08 14:53:28,435	sn03	900.0373790264	2383090.0000000000
2016-06-08 14:53:29,437	sn03	901.0386009216	2383630.0000000000
2016-06-08 14:53:30,441	sn03	902.0428531170	2383740.0000000000
2016-06-08 14:53:31,435	sn03	903.0370280743	2383590.0000000000
2016-06-08 14:53:32,477	sn03	904.0792369843	2383490.0000000000
2016-06-08 14:53:33,460	sn03	905.0622479916	2383250.0000000000
2016-06-08 14:53:34,443	sn03	906.0446290970	2382850.0000000000
2016-06-08 14:53:35,436	sn03	907.0378611088	2383680.0000000000
2016-06-08 14:53:36,437	sn03	908.0390019417	2383490.0000000000
2016-06-08 14:53:37,435	sn03	909.0371530056	2383290.0000000000
2016-06-08 14:53:38,453	sn03	910.0552790165	2383320.0000000000
2016-06-08 14:53:39,441	sn03	911.0425090790	2383610.0000000000
2016-06-08 14:53:40,436	sn03	912.0377750397	2382860.0000000000
2016-06-08 14:53:41,439	sn03	913.0409340858	2383710.0000000000
2016-06-08 14:53:42,435	sn03	914.0372021198	2383790.0000000000
2016-06-08 14:53:43,438	sn03	915.0404338837	2383030.0000000000
2016-06-08 14:53:44,469	sn03	916.0705919266	2383520.0000000000
2016-06-08 14:53:45,451	sn03	917.0528290272	2383290.0000000000
2016-06-08 14:53:46,441	sn03	918.0430400372	2383370.0000000000
2016-06-08 14:53:47,435	sn03	919.0372679234	2383670.0000000000
2016-06-08 14:53:48,440	sn03	920.0415170193	2383820.0000000000
2016-06-08 14:53:49,436	sn03	921.0376729965	2383510.0000000000
2016-06-08 14:53:50,445	sn03	922.0468549728	2383560.0000000000
2016-06-08 14:53:51,435	sn03	923.0370779037	2383400.0000000000
2016-06-08 14:53:52,437	sn03	924.0393269062	2383210.0000000000
2016-06-08 14:53:53,442	sn03	925.0435390472	2383050.0000000000
2016-06-08 14:53:54,436	sn03	926.0378489494	2383250.0000000000
2016-06-08 14:53:55,477	sn03	927.0789759159	2383630.0000000000
2016-06-08 14:53:56,460	sn03	928.0622529984	2383480.0000000000
2016-06-08 14:53:57,443	sn03	929.0444579124	2383210.0000000000
2016-06-08 14:53:58,436	sn03	930.0375909805	2383110.0000000000
2016-06-08 14:53:59,438	sn03	931.0398330688	2383530.0000000000
2016-06-08 14:54:00,435	sn03	932.0369141102	2383160.0000000000
2016-06-08 14:54:01,454	sn03	933.0559120178	2383220.0000000000
2016-06-08 14:54:02,441	sn03	934.0432050228	2383460.0000000000
2016-06-08 14:54:03,435	sn03	935.0373919010	2383660.0000000000
2016-06-08 14:54:04,440	sn03	936.0415699482	2384110.0000000000
2016-06-08 14:54:05,436	sn03	937.0378348827	2384200.0000000000
2016-06-08 14:54:06,439	sn03	938.0408880711	2383850.0000000000
2016-06-08 14:54:07,469	sn03	939.0710999966	2384070.0000000000
2016-06-08 14:54:08,451	sn03	940.0533850193	2383690.0000000000
2016-06-08 14:54:09,442	sn03	941.0435349941	2383440.0000000000
2016-06-08 14:54:10,436	sn03	942.0376451015	2383460.0000000000
2016-06-08 14:54:11,440	sn03	943.0418250561	2383080.0000000000
2016-06-08 14:54:12,435	sn03	944.0369939804	2383300.0000000000
2016-06-08 14:54:13,445	sn03	945.0473608971	2383340.0000000000
2016-06-08 14:54:14,435	sn03	946.0374560356	2382800.0000000000
2016-06-08 14:54:15,437	sn03	947.0387609005	2383300.0000000000
2016-06-08 14:54:16,435	sn03	948.0368919373	2384050.0000000000
2016-06-08 14:54:17,436	sn03	949.0380949974	2384720.0000000000
2016-06-08 14:54:18,477	sn03	950.0792999268	2383630.0000000000
2016-06-08 14:54:19,461	sn03	951.0625250340	2383540.0000000000
2016-06-08 14:54:20,444	sn03	952.0458590984	2384500.0000000000
2016-06-08 14:54:21,435	sn03	953.0370368958	2384200.0000000000
2016-06-08 14:54:22,438	sn03	954.0402350426	2383950.0000000000
2016-06-08 14:54:23,435	sn03	955.0374031067	2383580.0000000000
2016-06-08 14:54:24,458	sn03	956.0597550869	2383570.0000000000
2016-06-08 14:54:25,437	sn03	957.0388700962	2383590.0000000000
2016-06-08 14:54:26,435	sn03	958.0371329784	2383340.0000000000
2016-06-08 14:54:27,440	sn03	959.0423460007	2382870.0000000000
2016-06-08 14:54:28,436	sn03	960.0375969410	2382370.0000000000
2016-06-08 14:54:29,439	sn03	961.0408310890	2382460.0000000000
2016-06-08 14:54:30,469	sn03	962.0710110664	2382400.0000000000
2016-06-08 14:54:31,452	sn03	963.0543210506	2382500.0000000000
2016-06-08 14:54:32,435	sn03	964.0374579430	2382340.0000000000
2016-06-08 14:54:33,436	sn03	965.0377709866	2382470.0000000000
2016-06-08 14:54:34,440	sn03	966.0418961048	2382490.0000000000
2016-06-08 14:54:35,435	sn03	967.0370841026	2382160.0000000000
2016-06-08 14:54:36,445	sn03	968.0472838879	2382060.0000000000
2016-06-08 14:54:37,436	sn03	969.0374600887	2382120.0000000000
2016-06-08 14:54:38,438	sn03	970.0396959782	2382130.0000000000
2016-06-08 14:54:39,435	sn03	971.0368690491	2382190.0000000000
2016-06-08 14:54:40,436	sn03	972.0381119251	2382260.0000000000
2016-06-08 14:54:41,477	sn03	973.0792729855	2382620.0000000000
2016-06-08 14:54:42,460	sn03	974.0624198914	2383190.0000000000
2016-06-08 14:54:43,444	sn03	975.0458650589	2383500.0000000000
2016-06-08 14:54:44,435	sn03	976.0369279385	2383490.0000000000
2016-06-08 14:54:45,438	sn03	977.0402619839	2383950.0000000000
2016-06-08 14:54:46,436	sn03	978.0374860764	2383440.0000000000
2016-06-08 14:54:47,455	sn03	979.0565578938	2383570.0000000000
2016-06-08 14:54:48,442	sn03	980.0438659191	2383480.0000000000
2016-06-08 14:54:49,435	sn03	981.0370550156	2383530.0000000000
2016-06-08 14:54:50,440	sn03	982.0422239304	2383210.0000000000
2016-06-08 14:54:51,436	sn03	983.0374588966	2383290.0000000000
2016-06-08 14:54:52,440	sn03	984.0416851044	2383250.0000000000
2016-06-08 14:54:53,470	sn03	985.0719130039	2383260.0000000000
2016-06-08 14:54:54,452	sn03	986.0541839600	2383440.0000000000
2016-06-08 14:54:55,435	sn03	987.0373609066	2383110.0000000000
2016-06-08 14:54:56,436	sn03	988.0375220776	2383060.0000000000
2016-06-08 14:54:57,441	sn03	989.0427200794	2382800.0000000000
2016-06-08 14:54:58,435	sn03	990.0369350910	2382540.0000000000
2016-06-08 14:54:59,446	sn03	991.0481240749	2382320.0000000000
2016-06-08 14:55:00,435	sn03	992.0373620987	2383530.0000000000
2016-06-08 14:55:01,438	sn03	993.0395240784	2383120.0000000000
2016-06-08 14:55:02,436	sn03	994.0377130508	2382910.0000000000
2016-06-08 14:55:03,437	sn03	995.0388340950	2382970.0000000000
2016-06-08 14:55:04,478	sn03	996.0800380707	2383070.0000000000
2016-06-08 14:55:05,461	sn03	997.0632839203	2382960.0000000000
2016-06-08 14:55:06,445	sn03	998.0465641022	2383530.0000000000
2016-06-08 14:55:07,436	sn03	999.0378420353	2383990.0000000000
2016-06-08 14:55:08,439	sn03	1000.0409970284	2383970.0000000000
2016-06-08 14:55:09,435	sn03	1001.0371859074	2383910.0000000000
2016-06-08 14:55:10,455	sn03	1002.0564610958	2384010.0000000000
2016-06-08 14:55:11,442	sn03	1003.0436561108	2383320.0000000000
2016-06-08 14:55:12,436	sn03	1004.0378999710	2383240.0000000000
2016-06-08 14:55:13,440	sn03	1005.0420880318	2383500.0000000000
2016-06-08 14:55:14,435	sn03	1006.0373120308	2383080.0000000000
2016-06-08 14:55:15,439	sn03	1007.0414519310	2383110.0000000000
2016-06-08 14:55:16,470	sn03	1008.0716919899	2383290.0000000000
2016-06-08 14:55:17,453	sn03	1009.0549170971	2383190.0000000000
2016-06-08 14:55:18,435	sn03	1010.0371139050	2382770.0000000000
2016-06-08 14:55:19,436	sn03	1011.0383810997	2383230.0000000000
2016-06-08 14:55:20,441	sn03	1012.0425829887	2383200.0000000000
2016-06-08 14:55:21,436	sn03	1013.0377640724	2383340.0000000000
2016-06-08 14:55:22,446	sn03	1014.0479679108	2383280.0000000000
2016-06-08 14:55:23,435	sn03	1015.0371661186	2383330.0000000000
2016-06-08 14:55:24,439	sn03	1016.0404670238	2383280.0000000000
2016-06-08 14:55:25,436	sn03	1017.0377490520	2383310.0000000000
2016-06-08 14:55:26,437	sn03	1018.0389759541	2383200.0000000000
2016-06-08 14:55:27,435	sn03	1019.0371880531	2383130.0000000000
2016-06-08 14:55:28,461	sn03	1020.0632910728	2383060.0000000000
2016-06-08 14:55:29,445	sn03	1021.0465250015	2382980.0000000000
2016-06-08 14:55:30,436	sn03	1022.0377409458	2383000.0000000000
2016-06-08 14:55:31,439	sn03	1023.0409429073	2383040.0000000000
2016-06-08 14:55:32,435	sn03	1024.0371921062	2383050.0000000000
2016-06-08 14:55:33,455	sn03	1025.0574390888	2383020.0000000000
2016-06-08 14:55:34,438	sn03	1026.0396020412	2382920.0000000000
2016-06-08 14:55:35,436	sn03	1027.0378398895	2382850.0000000000
2016-06-08 14:55:36,441	sn03	1028.0429749489	2382760.0000000000
2016-06-08 14:55:37,435	sn03	1029.0371949673	2383030.0000000000
2016-06-08 14:55:38,440	sn03	1030.0423920155	2382990.0000000000
2016-06-08 14:55:39,470	sn03	1031.0716300011	2382750.0000000000
2016-06-08 14:55:40,453	sn03	1032.0548620224	2381830.0000000000
2016-06-08 14:55:41,436	sn03	1033.0379850864	2380700.0000000000
2016-06-08 14:55:42,436	sn03	1034.0382969379	2379500.0000000000
2016-06-08 14:55:43,442	sn03	1035.0434660912	2385290.0000000000
2016-06-08 14:55:44,436	sn03	1036.0376789570	2386440.0000000000
2016-06-08 14:55:45,447	sn03	1037.0488610268	2381920.0000000000
2016-06-08 14:55:46,435	sn03	1038.0370519161	2394050.0000000000
2016-06-08 14:55:47,438	sn03	1039.0402190685	2385080.0000000000
2016-06-08 14:55:48,435	sn03	1040.0373659134	2387790.0000000000
2016-06-08 14:55:49,438	sn03	1041.0396409035	2382850.0000000000
2016-06-08 14:55:50,479	sn03	1042.0808670521	2385160.0000000000
2016-06-08 14:55:51,462	sn03	1043.0640408993	2387020.0000000000
2016-06-08 14:55:52,445	sn03	1044.0471549034	2388010.0000000000
2016-06-08 14:55:53,435	sn03	1045.0374419689	2387670.0000000000
2016-06-08 14:55:54,440	sn03	1046.0416340828	2390070.0000000000
2016-06-08 14:55:55,436	sn03	1047.0378448963	2384210.0000000000
2016-06-08 14:55:56,459	sn03	1048.0609591007	2384980.0000000000
2016-06-08 14:55:57,438	sn03	1049.0402429104	2385700.0000000000
2016-06-08 14:55:58,437	sn03	1050.0385129452	2385030.0000000000
2016-06-08 14:55:59,442	sn03	1051.0436410904	2382290.0000000000
2016-06-08 14:56:00,436	sn03	1052.0378420353	2381940.0000000000
2016-06-08 14:56:01,440	sn03	1053.0420439243	2382080.0000000000
2016-06-08 14:56:02,470	sn03	1054.0721569061	2383780.0000000000
2016-06-08 14:56:03,453	sn03	1055.0553689003	2383630.0000000000
2016-06-08 14:56:04,436	sn03	1056.0376470089	2383460.0000000000
2016-06-08 14:56:05,437	sn03	1057.0388429165	2380300.0000000000
2016-06-08 14:56:06,435	sn03	1058.0370559692	2380360.0000000000
2016-06-08 14:56:07,436	sn03	1059.0383450985	2383610.0000000000
2016-06-08 14:56:08,447	sn03	1060.0494570732	2383010.0000000000
2016-06-08 14:56:09,436	sn03	1061.0376811028	2382010.0000000000
2016-06-08 14:56:10,439	sn03	1062.0408289433	2381070.0000000000
2016-06-08 14:56:11,435	sn03	1063.0370109081	2384240.0000000000
2016-06-08 14:56:12,437	sn03	1064.0392439365	2382550.0000000000
2016-06-08 14:56:13,435	sn03	1065.0374460220	2387230.0000000000
2016-06-08 14:56:14,463	sn03	1066.0646049976	2387670.0000000000
2016-06-08 14:56:15,445	sn03	1067.0468430519	2386510.0000000000
2016-06-08 14:56:16,435	sn03	1068.0370340347	2382510.0000000000
2016-06-08 14:56:17,440	sn03	1069.0421690941	2384730.0000000000
2016-06-08 14:56:18,436	sn03	1070.0384140015	2383780.0000000000
2016-06-08 14:56:19,456	sn03	1071.0575549603	2382040.0000000000
2016-06-08 14:56:20,439	sn03	1072.0407440662	2382250.0000000000
2016-06-08 14:56:21,437	sn03	1073.0389211178	2382440.0000000000
2016-06-08 14:56:22,435	sn03	1074.0371038914	2381850.0000000000
2016-06-08 14:56:23,436	sn03	1075.0383388996	2381190.0000000000
2016-06-08 14:56:24,440	sn03	1076.0424211025	2381590.0000000000
2016-06-08 14:56:25,471	sn03	1077.0725851059	2382300.0000000000
2016-06-08 14:56:26,454	sn03	1078.0557699203	2380520.0000000000
2016-06-08 14:56:27,436	sn03	1079.0380289555	2383280.0000000000
2016-06-08 14:56:28,437	sn03	1080.0392200947	2381890.0000000000
2016-06-08 14:56:29,435	sn03	1081.0374450684	2381550.0000000000
2016-06-08 14:56:30,437	sn03	1082.0386829376	2381690.0000000000
2016-06-08 14:56:31,447	sn03	1083.0488700867	2381750.0000000000
2016-06-08 14:56:32,435	sn03	1084.0370409489	2380640.0000000000
2016-06-08 14:56:33,439	sn03	1085.0412170887	2383010.0000000000
2016-06-08 14:56:34,435	sn03	1086.0374479294	2382250.0000000000
2016-06-08 14:56:35,438	sn03	1087.0396420956	2382230.0000000000
2016-06-08 14:56:36,435	sn03	1088.0369279385	2383270.0000000000
2016-06-08 14:56:37,462	sn03	1089.0641410351	2382580.0000000000
2016-06-08 14:56:38,445	sn03	1090.0472950935	2382060.0000000000
2016-06-08 14:56:39,436	sn03	1091.0375330448	2381800.0000000000
2016-06-08 14:56:40,440	sn03	1092.0416650772	2381320.0000000000
2016-06-08 14:56:41,436	sn03	1093.0378479958	2380060.0000000000
2016-06-08 14:56:42,460	sn03	1094.0619950294	2381770.0000000000
2016-06-08 14:56:43,439	sn03	1095.0412409306	2382020.0000000000
2016-06-08 14:56:44,437	sn03	1096.0393960476	2382980.0000000000
2016-06-08 14:56:45,442	sn03	1097.0436549187	2383310.0000000000
2016-06-08 14:56:46,436	sn03	1098.0378460884	2382560.0000000000
2016-06-08 14:56:47,441	sn03	1099.0430150032	2383330.0000000000
2016-06-08 14:56:48,471	sn03	1100.0731539726	2383910.0000000000
2016-06-08 14:56:49,454	sn03	1101.0563099384	2383760.0000000000
2016-06-08 14:56:50,437	sn03	1102.0384840965	2383120.0000000000
2016-06-08 14:56:51,438	sn03	1103.0397770405	2383580.0000000000
2016-06-08 14:56:52,435	sn03	1104.0370030403	2382970.0000000000
2016-06-08 14:56:53,436	sn03	1105.0381929874	2382320.0000000000
2016-06-08 14:56:54,447	sn03	1106.0493369102	2382560.0000000000
2016-06-08 14:56:55,436	sn03	1107.0375850201	2381870.0000000000
2016-06-08 14:56:56,440	sn03	1108.0418341160	2382090.0000000000
2016-06-08 14:56:57,435	sn03	1109.0370299816	2382400.0000000000
2016-06-08 14:56:58,438	sn03	1110.0402290821	2382610.0000000000
2016-06-08 14:56:59,435	sn03	1111.0373830795	2382090.0000000000
2016-06-08 14:57:00,463	sn03	1112.0645520687	2381980.0000000000
2016-06-08 14:57:01,446	sn03	1113.0478739738	2382370.0000000000
2016-06-08 14:57:02,436	sn03	1114.0379741192	2382590.0000000000
2016-06-08 14:57:03,440	sn03	1115.0421469212	2382970.0000000000
2016-06-08 14:57:04,435	sn03	1116.0373740196	2381550.0000000000
2016-06-08 14:57:05,457	sn03	1117.0585520267	2380000.0000000000
2016-06-08 14:57:06,440	sn03	1118.0418579578	2379760.0000000000
2016-06-08 14:57:07,438	sn03	1119.0399820805	2380540.0000000000
2016-06-08 14:57:08,435	sn03	1120.0371189117	2380740.0000000000
2016-06-08 14:57:09,436	sn03	1121.0384008884	2380760.0000000000
2016-06-08 14:57:10,442	sn03	1122.0435988903	2381060.0000000000
2016-06-08 14:57:11,472	sn03	1123.0737750530	2380720.0000000000
2016-06-08 14:57:12,454	sn03	1124.0559289455	2381630.0000000000
2016-06-08 14:57:13,437	sn03	1125.0392100811	2380530.0000000000
2016-06-08 14:57:14,437	sn03	1126.0394330025	2380410.0000000000
2016-06-08 14:57:15,436	sn03	1127.0378479958	2380360.0000000000
2016-06-08 14:57:16,437	sn03	1128.0390241146	2380890.0000000000
2016-06-08 14:57:17,448	sn03	1129.0503249168	2381640.0000000000
2016-06-08 14:57:18,436	sn03	1130.0374879837	2381850.0000000000
2016-06-08 14:57:19,440	sn03	1131.0418450832	2381610.0000000000
2016-06-08 14:57:20,435	sn03	1132.0369980335	2381830.0000000000
2016-06-08 14:57:21,438	sn03	1133.0401999950	2381940.0000000000
2016-06-08 14:57:22,435	sn03	1134.0373349190	2381800.0000000000
2016-06-08 14:57:23,464	sn03	1135.0654881001	2381710.0000000000
2016-06-08 14:57:24,447	sn03	1136.0486819744	2381410.0000000000
2016-06-08 14:57:25,436	sn03	1137.0378770828	2381540.0000000000
2016-06-08 14:57:26,440	sn03	1138.0421030521	2380980.0000000000
2016-06-08 14:57:27,435	sn03	1139.0373148918	2381040.0000000000
2016-06-08 14:57:28,461	sn03	1140.0624880791	2380070.0000000000
2016-06-08 14:57:29,444	sn03	1141.0456631184	2379630.0000000000
2016-06-08 14:57:30,438	sn03	1142.0399010181	2380070.0000000000
2016-06-08 14:57:31,435	sn03	1143.0371580124	2381570.0000000000
2016-06-08 14:57:32,436	sn03	1144.0383388996	2382810.0000000000
2016-06-08 14:57:33,442	sn03	1145.0435149670	2378830.0000000000
2016-06-08 14:57:34,472	sn03	1146.0737650394	2381310.0000000000
2016-06-08 14:57:35,455	sn03	1147.0568759441	2379190.0000000000
2016-06-08 14:57:36,437	sn03	1148.0391509533	2380920.0000000000
2016-06-08 14:57:37,438	sn03	1149.0403380394	2381210.0000000000
2016-06-08 14:57:38,436	sn03	1150.0374810696	2379740.0000000000
2016-06-08 14:57:39,438	sn03	1151.0396831036	2379220.0000000000
2016-06-08 14:57:40,448	sn03	1152.0498518944	2380540.0000000000
2016-06-08 14:57:41,435	sn03	1153.0370728970	2380120.0000000000
2016-06-08 14:57:42,440	sn03	1154.0423510075	2379720.0000000000
2016-06-08 14:57:43,436	sn03	1155.0375409126	2380040.0000000000
2016-06-08 14:57:44,439	sn03	1156.0408520699	2379970.0000000000
2016-06-08 14:57:45,435	sn03	1157.0369360447	2381130.0000000000
2016-06-08 14:57:46,463	sn03	1158.0651910305	2380300.0000000000
2016-06-08 14:57:47,446	sn03	1159.0484290123	2379350.0000000000
2016-06-08 14:57:48,436	sn03	1160.0376150608	2379780.0000000000
2016-06-08 14:57:49,441	sn03	1161.0428519249	2380880.0000000000
2016-06-08 14:57:50,435	sn03	1162.0370039940	2379340.0000000000
2016-06-08 14:57:51,461	sn03	1163.0631539822	2379140.0000000000
2016-06-08 14:57:52,440	sn03	1164.0424261093	2377160.0000000000
2016-06-08 14:57:53,438	sn03	1165.0396609306	2381260.0000000000
2016-06-08 14:57:54,436	sn03	1166.0378530025	2380660.0000000000
2016-06-08 14:57:55,437	sn03	1167.0389990807	2380090.0000000000
2016-06-08 14:57:56,435	sn03	1168.0372350216	2380340.0000000000
2016-06-08 14:57:57,472	sn03	1169.0744049549	2376760.0000000000
2016-06-08 14:57:58,455	sn03	1170.0566349030	2380950.0000000000
2016-06-08 14:57:59,438	sn03	1171.0398650169	2379040.0000000000
2016-06-08 14:58:00,439	sn03	1172.0410289764	2379440.0000000000
2016-06-08 14:58:01,435	sn03	1173.0372838974	2382890.0000000000
2016-06-08 14:58:02,437	sn03	1174.0394299030	2380160.0000000000
2016-06-08 14:58:03,449	sn03	1175.0506451130	2381970.0000000000
2016-06-08 14:58:04,436	sn03	1176.0378530025	2381950.0000000000
2016-06-08 14:58:05,441	sn03	1177.0430750847	2380910.0000000000
2016-06-08 14:58:06,435	sn03	1178.0373489857	2380190.0000000000
2016-06-08 14:58:07,440	sn03	1179.0415089130	2376400.0000000000
2016-06-08 14:58:08,436	sn03	1180.0376911163	2376200.0000000000
2016-06-08 14:58:09,464	sn03	1181.0658700466	2375770.0000000000
2016-06-08 14:58:10,447	sn03	1182.0490720272	2379190.0000000000
2016-06-08 14:58:11,436	sn03	1183.0382790565	2380200.0000000000
2016-06-08 14:58:12,442	sn03	1184.0434920788	2379680.0000000000
2016-06-08 14:58:13,436	sn03	1185.0378539562	2379920.0000000000
2016-06-08 14:58:14,461	sn03	1186.0629498959	2379690.0000000000
2016-06-08 14:58:15,440	sn03	1187.0422070026	2379550.0000000000
2016-06-08 14:58:16,438	sn03	1188.0403430462	2379870.0000000000
2016-06-08 14:58:17,436	sn03	1189.0376911163	2379480.0000000000
2016-06-08 14:58:18,437	sn03	1190.0388650894	2378760.0000000000
2016-06-08 14:58:19,435	sn03	1191.0371000767	2380070.0000000000
2016-06-08 14:58:20,472	sn03	1192.0743060112	2379180.0000000000
2016-06-08 14:58:21,455	sn03	1193.0574550629	2380200.0000000000
2016-06-08 14:58:22,438	sn03	1194.0397119522	2380790.0000000000
2016-06-08 14:58:23,439	sn03	1195.0409049988	2380600.0000000000
2016-06-08 14:58:24,435	sn03	1196.0371499062	2380530.0000000000
2016-06-08 14:58:25,438	sn03	1197.0403339863	2379150.0000000000
2016-06-08 14:58:26,453	sn03	1198.0544900894	2379280.0000000000
2016-06-08 14:58:27,436	sn03	1199.0378561020	2380270.0000000000
2016-06-08 14:58:28,441	sn03	1200.0430400372	2380330.0000000000
2016-06-08 14:58:29,435	sn03	1201.0372331142	2380230.0000000000
2016-06-08 14:58:30,439	sn03	1202.0414330959	2380520.0000000000
2016-06-08 14:58:31,436	sn03	1203.0376439095	2380220.0000000000
2016-06-08 14:58:32,464	sn03	1204.0658659935	2379760.0000000000
2016-06-08 14:58:33,447	sn03	1205.0490059853	2380210.0000000000
2016-06-08 14:58:34,437	sn03	1206.0391559601	2380030.0000000000
2016-06-08 14:58:35,441	sn03	1207.0434451103	2379750.0000000000
2016-06-08 14:58:36,436	sn03	1208.0375769138	2379570.0000000000
2016-06-08 14:58:37,462	sn03	1209.0637590885	2380560.0000000000
2016-06-08 14:58:38,444	sn03	1210.0459589958	2379640.0000000000
2016-06-08 14:58:39,439	sn03	1211.0411579609	2380290.0000000000
2016-06-08 14:58:40,435	sn03	1212.0373830795	2380370.0000000000
2016-06-08 14:58:41,438	sn03	1213.0395720005	2380560.0000000000
2016-06-08 14:58:42,436	sn03	1214.0377449989	2379810.0000000000
2016-06-08 14:58:43,473	sn03	1215.0749759674	2378560.0000000000
2016-06-08 14:58:44,455	sn03	1216.0572040081	2377450.0000000000
2016-06-08 14:58:45,439	sn03	1217.0404770374	2378610.0000000000
2016-06-08 14:58:46,440	sn03	1218.0416541100	2379050.0000000000
2016-06-08 14:58:47,435	sn03	1219.0368580818	2377630.0000000000
2016-06-08 14:58:48,438	sn03	1220.0400259495	2377050.0000000000
2016-06-08 14:58:49,449	sn03	1221.0512669086	2377730.0000000000
2016-06-08 14:58:50,437	sn03	1222.0384969711	2377930.0000000000
2016-06-08 14:58:51,442	sn03	1223.0436699390	2378070.0000000000
2016-06-08 14:58:52,435	sn03	1224.0368590355	2379440.0000000000
2016-06-08 14:58:53,440	sn03	1225.0420529842	2378180.0000000000
2016-06-08 14:58:54,435	sn03	1226.0372560024	2378450.0000000000
2016-06-08 14:58:55,465	sn03	1227.0664670467	2379370.0000000000
2016-06-08 14:58:56,448	sn03	1228.0495610237	2377950.0000000000
2016-06-08 14:58:57,438	sn03	1229.0397360325	2378090.0000000000
2016-06-08 14:58:58,435	sn03	1230.0369970798	2378230.0000000000
2016-06-08 14:58:59,435	sn03	1231.0372231007	2377850.0000000000
2016-06-08 14:59:00,462	sn03	1232.0644130707	2378170.0000000000
2016-06-08 14:59:01,442	sn03	1233.0436720848	2378810.0000000000
2016-06-08 14:59:02,439	sn03	1234.0408599377	2378730.0000000000
2016-06-08 14:59:03,435	sn03	1235.0371859074	2377830.0000000000
2016-06-08 14:59:04,437	sn03	1236.0392959118	2378600.0000000000
2016-06-08 14:59:05,435	sn03	1237.0373139381	2378990.0000000000
2016-06-08 14:59:06,473	sn03	1238.0746459961	2380450.0000000000
2016-06-08 14:59:07,457	sn03	1239.0588738918	2376940.0000000000
2016-06-08 14:59:08,439	sn03	1240.0410609245	2376920.0000000000
2016-06-08 14:59:09,439	sn03	1241.0413100719	2376920.0000000000
2016-06-08 14:59:10,436	sn03	1242.0375189781	2378630.0000000000
2016-06-08 14:59:11,439	sn03	1243.0407741070	2379590.0000000000
2016-06-08 14:59:12,453	sn03	1244.0549609661	2380320.0000000000
2016-06-08 14:59:13,437	sn03	1245.0391619205	2380710.0000000000
2016-06-08 14:59:14,435	sn03	1246.0373649597	2379400.0000000000
2016-06-08 14:59:15,436	sn03	1247.0375618935	2380480.0000000000
2016-06-08 14:59:16,441	sn03	1248.0427610874	2381640.0000000000
2016-06-08 14:59:17,435	sn03	1249.0369861126	2379030.0000000000
2016-06-08 14:59:18,465	sn03	1250.0671870708	2382260.0000000000
2016-06-08 14:59:19,448	sn03	1251.0494830608	2380490.0000000000
2016-06-08 14:59:20,438	sn03	1252.0395228863	2378720.0000000000
2016-06-08 14:59:21,436	sn03	1253.0378639698	2378480.0000000000
2016-06-08 14:59:22,436	sn03	1254.0380630493	2379130.0000000000
2016-06-08 14:59:23,462	sn03	1255.0642910004	2378350.0000000000
2016-06-08 14:59:24,446	sn03	1256.0475220680	2379210.0000000000
2016-06-08 14:59:25,440	sn03	1257.0418889523	2377960.0000000000
2016-06-08 14:59:26,435	sn03	1258.0369870663	2379790.0000000000
2016-06-08 14:59:27,438	sn03	1259.0401890278	2380640.0000000000
2016-06-08 14:59:28,435	sn03	1260.0374031067	2379930.0000000000
2016-06-08 14:59:29,474	sn03	1261.0756180286	2379760.0000000000
2016-06-08 14:59:30,457	sn03	1262.0588641167	2380650.0000000000
2016-06-08 14:59:31,439	sn03	1263.0409379005	2381460.0000000000
2016-06-08 14:59:32,440	sn03	1264.0421819687	2380560.0000000000
2016-06-08 14:59:33,435	sn03	1265.0373930931	2379580.0000000000
2016-06-08 14:59:34,440	sn03	1266.0415120125	2380110.0000000000
2016-06-08 14:59:35,454	sn03	1267.0558249950	2379160.0000000000
2016-06-08 14:59:36,437	sn03	1268.0389540195	2379940.0000000000
2016-06-08 14:59:37,435	sn03	1269.0372819901	2379720.0000000000
2016-06-08 14:59:38,436	sn03	1270.0375430584	2380200.0000000000
2016-06-08 14:59:39,441	sn03	1271.0427689552	2380620.0000000000
2016-06-08 14:59:40,435	sn03	1272.0369400978	2380410.0000000000
2016-06-08 14:59:41,465	sn03	1273.0671401024	2379680.0000000000
2016-06-08 14:59:42,448	sn03	1274.0503640175	2379440.0000000000
2016-06-08 14:59:43,438	sn03	1275.0396220684	2379890.0000000000
2016-06-08 14:59:44,436	sn03	1276.0378649235	2379330.0000000000
2016-06-08 14:59:45,436	sn03	1277.0380148888	2379350.0000000000
2016-06-08 14:59:46,462	sn03	1278.0642669201	2379080.0000000000
2016-06-08 14:59:47,442	sn03	1279.0435140133	2378740.0000000000
2016-06-08 14:59:48,440	sn03	1280.0416140556	2378840.0000000000
2016-06-08 14:59:49,436	sn03	1281.0378639698	2377620.0000000000
2016-06-08 14:59:50,438	sn03	1282.0400741100	2378280.0000000000
2016-06-08 14:59:51,435	sn03	1283.0373229980	2379120.0000000000
2016-06-08 14:59:52,474	sn03	1284.0755100250	2379130.0000000000
2016-06-08 14:59:53,457	sn03	1285.0587270260	2378840.0000000000
2016-06-08 14:59:54,440	sn03	1286.0418729782	2379210.0000000000
2016-06-08 14:59:55,440	sn03	1287.0420870781	2378980.0000000000
2016-06-08 14:59:56,435	sn03	1288.0373060703	2378700.0000000000
2016-06-08 14:59:57,440	sn03	1289.0414640903	2378940.0000000000
2016-06-08 14:59:58,455	sn03	1290.0566670895	2378910.0000000000
2016-06-08 14:59:59,438	sn03	1291.0398681164	2379130.0000000000
2016-06-08 15:00:00,435	sn03	1292.0370869637	2378880.0000000000
2016-06-08 15:00:01,436	sn03	1293.0383899212	2378750.0000000000
2016-06-08 15:00:02,441	sn03	1294.0434510708	2378580.0000000000
2016-06-08 15:00:03,436	sn03	1295.0378661156	2378230.0000000000
2016-06-08 15:00:04,465	sn03	1296.0669410229	2378700.0000000000
2016-06-08 15:00:05,448	sn03	1297.0501539707	2378660.0000000000
2016-06-08 15:00:06,438	sn03	1298.0404469967	2378920.0000000000
2016-06-08 15:00:07,436	sn03	1299.0376539230	2378920.0000000000
2016-06-08 15:00:08,437	sn03	1300.0387659073	2378880.0000000000
2016-06-08 15:00:09,435	sn03	1301.0369040966	2378800.0000000000
2016-06-08 15:00:10,446	sn03	1302.0481359959	2379170.0000000000
2016-06-08 15:00:11,440	sn03	1303.0424430370	2378930.0000000000
2016-06-08 15:00:12,436	sn03	1304.0377039909	2378760.0000000000
2016-06-08 15:00:13,439	sn03	1305.0408689976	2379090.0000000000
2016-06-08 15:00:14,435	sn03	1306.0370540619	2378650.0000000000
