time,mass
2016-06-29 10:48:32,"586	erc07	0.0374970436	2384320.0000000000"
2016-06-29 10:48:33,"617	erc07	1.0693709850	2384980.0000000000"
2016-06-29 10:48:34,"599	erc07	2.0513291359	2385480.0000000000"
2016-06-29 10:48:35,"588	erc07	3.0402290821	2386960.0000000000"
2016-06-29 10:48:36,"586	erc07	4.0381321907	2386460.0000000000"
2016-06-29 10:48:37,"587	erc07	5.0390291214	2385710.0000000000"
2016-06-29 10:48:38,"613	erc07	6.0649340153	2385820.0000000000"
2016-06-29 10:48:39,"596	erc07	7.0478310585	2385470.0000000000"
2016-06-29 10:48:40,"590	erc07	8.0417551994	2384490.0000000000"
2016-06-29 10:48:41,"586	erc07	9.0375511646	2384280.0000000000"
2016-06-29 10:48:42,"589	erc07	10.0406241417	2383970.0000000000"
2016-06-29 10:48:43,"584	erc07	11.0363750458	2383780.0000000000"
2016-06-29 10:48:44,"625	erc07	12.0772840977	2383790.0000000000"
2016-06-29 10:48:45,"608	erc07	13.0602049828	2383210.0000000000"
2016-06-29 10:48:46,"591	erc07	14.0431301594	2383250.0000000000"
2016-06-29 10:48:47,"591	erc07	15.0429630280	2382740.0000000000"
2016-06-29 10:48:48,"585	erc07	16.0369081497	2383190.0000000000"
2016-06-29 10:48:49,"590	erc07	17.0418531895	2376110.0000000000"
2016-06-29 10:48:50,"605	erc07	18.0567500591	2389520.0000000000"
2016-06-29 10:48:51,"587	erc07	19.0394999981	2381770.0000000000"
2016-06-29 10:48:52,"586	erc07	20.0383801460	2378020.0000000000"
2016-06-29 10:48:53,"586	erc07	21.0383801460	2378650.0000000000"
2016-06-29 10:48:54,"591	erc07	22.0433070660	2379120.0000000000"
2016-06-29 10:48:55,"586	erc07	23.0381510258	2379310.0000000000"
2016-06-29 10:48:56,"618	erc07	24.0700061321	2378800.0000000000"
2016-06-29 10:48:57,"600	erc07	25.0520060062	2378620.0000000000"
2016-06-29 10:48:58,"588	erc07	26.0399591923	2378540.0000000000"
2016-06-29 10:48:59,"585	erc07	27.0368850231	2378410.0000000000"
2016-06-29 10:49:00,"587	erc07	28.0387811661	2378120.0000000000"
2016-06-29 10:49:01,"585	erc07	29.0367250443	2378120.0000000000"
2016-06-29 10:49:02,"597	erc07	30.0486030579	2377940.0000000000"
2016-06-29 10:49:03,"591	erc07	31.0425159931	2378480.0000000000"
2016-06-29 10:49:04,"586	erc07	32.0384070873	2378220.0000000000"
2016-06-29 10:49:05,"589	erc07	33.0413341522	2378880.0000000000"
2016-06-29 10:49:06,"586	erc07	34.0382320881	2379270.0000000000"
2016-06-29 10:49:07,"626	erc07	35.0780081749	2379020.0000000000"
2016-06-29 10:49:08,"609	erc07	36.0608191490	2378990.0000000000"
2016-06-29 10:49:09,"592	erc07	37.0438640118	2378690.0000000000"
2016-06-29 10:49:10,"591	erc07	38.0427131653	2378380.0000000000"
2016-06-29 10:49:11,"587	erc07	39.0385830402	2378240.0000000000"
2016-06-29 10:49:12,"590	erc07	40.0424780846	2377650.0000000000"
2016-06-29 10:49:13,"605	erc07	41.0574090481	2377760.0000000000"
2016-06-29 10:49:14,"588	erc07	42.0403180122	2379430.0000000000"
2016-06-29 10:49:15,"586	erc07	43.0382831097	2379280.0000000000"
2016-06-29 10:49:16,"586	erc07	44.0382070541	2378430.0000000000"
2016-06-29 10:49:17,"592	erc07	45.0440990925	2376740.0000000000"
2016-06-29 10:49:18,"586	erc07	46.0380260944	2375270.0000000000"
2016-06-29 10:49:19,"618	erc07	47.0699341297	2376800.0000000000"
2016-06-29 10:49:20,"601	erc07	48.0528512001	2378350.0000000000"
2016-06-29 10:49:21,"589	erc07	49.0408041477	2377710.0000000000"
2016-06-29 10:49:22,"585	erc07	50.0367300510	2376940.0000000000"
2016-06-29 10:49:23,"588	erc07	51.0395200253	2376910.0000000000"
2016-06-29 10:49:24,"586	erc07	52.0384340286	2378130.0000000000"
2016-06-29 10:49:25,"596	erc07	53.0483250618	2378290.0000000000"
2016-06-29 10:49:26,"591	erc07	54.0431840420	2376420.0000000000"
2016-06-29 10:49:27,"586	erc07	55.0381011963	2373560.0000000000"
2016-06-29 10:49:28,"589	erc07	56.0409851074	2368740.0000000000"
2016-06-29 10:49:29,"586	erc07	57.0378880501	2362290.0000000000"
2016-06-29 10:49:30,"627	erc07	58.0787241459	2358010.0000000000"
2016-06-29 10:49:31,"610	erc07	59.0617442131	2356900.0000000000"
2016-06-29 10:49:32,"592	erc07	60.0444550514	2354600.0000000000"
2016-06-29 10:49:33,"591	erc07	61.0434331894	2352610.0000000000"
2016-06-29 10:49:34,"586	erc07	62.0383830070	2349200.0000000000"
2016-06-29 10:49:35,"590	erc07	63.0422530174	2346840.0000000000"
2016-06-29 10:49:36,"606	erc07	64.0580680370	2345570.0000000000"
2016-06-29 10:49:37,"589	erc07	65.0410091877	2341140.0000000000"
2016-06-29 10:49:38,"585	erc07	66.0368402004	2337030.0000000000"
2016-06-29 10:49:39,"588	erc07	67.0397651196	2334210.0000000000"
2016-06-29 10:49:40,"585	erc07	68.0367500782	2332130.0000000000"
2016-06-29 10:49:41,"587	erc07	69.0385880470	2331850.0000000000"
2016-06-29 10:49:42,"618	erc07	70.0704681873	2330000.0000000000"
2016-06-29 10:49:43,"600	erc07	71.0524590015	2327970.0000000000"
2016-06-29 10:49:44,"589	erc07	72.0414130688	2322240.0000000000"
2016-06-29 10:49:45,"586	erc07	73.0382862091	2318690.0000000000"
2016-06-29 10:49:46,"587	erc07	74.0391972065	2322240.0000000000"
2016-06-29 10:49:47,"586	erc07	75.0380821228	2319400.0000000000"
2016-06-29 10:49:48,"598	erc07	76.0499761105	2314300.0000000000"
2016-06-29 10:49:49,"591	erc07	77.0428872108	2316430.0000000000"
2016-06-29 10:49:50,"585	erc07	78.0367460251	2314400.0000000000"
2016-06-29 10:49:51,"590	erc07	79.0416140556	2313450.0000000000"
2016-06-29 10:49:52,"587	erc07	80.0385360718	2313870.0000000000"
2016-06-29 10:49:53,"626	erc07	81.0783841610	2313600.0000000000"
2016-06-29 10:49:54,"609	erc07	82.0613131523	2309790.0000000000"
2016-06-29 10:49:55,"592	erc07	83.0442562103	2312270.0000000000"
2016-06-29 10:49:56,"591	erc07	84.0431351662	2313130.0000000000"
2016-06-29 10:49:57,"585	erc07	85.0370631218	2309600.0000000000"
2016-06-29 10:49:58,"591	erc07	86.0429110527	2307910.0000000000"
2016-06-29 10:49:59,"606	erc07	87.0578291416	2309270.0000000000"
2016-06-29 10:50:00,"589	erc07	88.0407631397	2308560.0000000000"
2016-06-29 10:50:01,"585	erc07	89.0367310047	2308500.0000000000"
2016-06-29 10:50:02,"588	erc07	90.0395309925	2310020.0000000000"
2016-06-29 10:50:03,"586	erc07	91.0375361443	2308790.0000000000"
2016-06-29 10:50:04,"586	erc07	92.0383710861	2308180.0000000000"
2016-06-29 10:50:05,"618	erc07	93.0700581074	2307060.0000000000"
2016-06-29 10:50:06,"601	erc07	94.0530111790	2307360.0000000000"
2016-06-29 10:50:07,"589	erc07	95.0410370827	2307420.0000000000"
2016-06-29 10:50:08,"585	erc07	96.0369901657	2307940.0000000000"
2016-06-29 10:50:09,"588	erc07	97.0398890972	2307100.0000000000"
2016-06-29 10:50:10,"585	erc07	98.0368151665	2306960.0000000000"
2016-06-29 10:50:11,"598	erc07	99.0497500896	2306020.0000000000"
2016-06-29 10:50:12,"586	erc07	100.0376200676	2304420.0000000000"
2016-06-29 10:50:13,"587	erc07	101.0385141373	2303850.0000000000"
2016-06-29 10:50:14,"590	erc07	102.0423359871	2302690.0000000000"
2016-06-29 10:50:15,"585	erc07	103.0372149944	2302480.0000000000"
2016-06-29 10:50:16,"627	erc07	104.0791680813	2302200.0000000000"
2016-06-29 10:50:17,"609	erc07	105.0611250401	2301300.0000000000"
2016-06-29 10:50:18,"593	erc07	106.0450921059	2298770.0000000000"
2016-06-29 10:50:19,"586	erc07	107.0380430222	2297420.0000000000"
2016-06-29 10:50:20,"586	erc07	108.0379381180	2297440.0000000000"
2016-06-29 10:50:21,"591	erc07	109.0428202152	2294680.0000000000"
2016-06-29 10:50:22,"606	erc07	110.0578100681	2295010.0000000000"
2016-06-29 10:50:23,"589	erc07	111.0407791138	2294470.0000000000"
2016-06-29 10:50:24,"585	erc07	112.0367140770	2292210.0000000000"
2016-06-29 10:50:25,"588	erc07	113.0395259857	2289890.0000000000"
2016-06-29 10:50:26,"586	erc07	114.0384151936	2286450.0000000000"
2016-06-29 10:50:27,"587	erc07	115.0392971039	2285020.0000000000"
2016-06-29 10:50:28,"619	erc07	116.0711259842	2282740.0000000000"
2016-06-29 10:50:29,"601	erc07	117.0530321598	2279790.0000000000"
2016-06-29 10:50:30,"590	erc07	118.0420410633	2277320.0000000000"
2016-06-29 10:50:31,"586	erc07	119.0379080772	2273420.0000000000"
2016-06-29 10:50:32,"588	erc07	120.0398001671	2273570.0000000000"
2016-06-29 10:50:33,"585	erc07	121.0367450714	2270810.0000000000"
2016-06-29 10:50:34,"598	erc07	122.0496201515	2269740.0000000000"
2016-06-29 10:50:35,"592	erc07	123.0435161591	2266810.0000000000"
2016-06-29 10:50:36,"586	erc07	124.0384650230	2263880.0000000000"
2016-06-29 10:50:37,"590	erc07	125.0424110889	2262950.0000000000"
2016-06-29 10:50:38,"586	erc07	126.0382680893	2262140.0000000000"
2016-06-29 10:50:39,"627	erc07	127.0791270733	2262290.0000000000"
2016-06-29 10:50:40,"610	erc07	128.0620031357	2261340.0000000000"
2016-06-29 10:50:41,"593	erc07	129.0449190140	2261550.0000000000"
2016-06-29 10:50:42,"585	erc07	130.0368211269	2261070.0000000000"
2016-06-29 10:50:43,"586	erc07	131.0376679897	2259980.0000000000"
2016-06-29 10:50:44,"592	erc07	132.0436811447	2260120.0000000000"
2016-06-29 10:50:45,"606	erc07	133.0584452152	2258960.0000000000"
2016-06-29 10:50:46,"589	erc07	134.0414080620	2259810.0000000000"
2016-06-29 10:50:47,"585	erc07	135.0373241901	2261450.0000000000"
2016-06-29 10:50:48,"588	erc07	136.0402221680	2261710.0000000000"
2016-06-29 10:50:49,"585	erc07	137.0370731354	2260690.0000000000"
2016-06-29 10:50:50,"587	erc07	138.0388970375	2261340.0000000000"
2016-06-29 10:50:51,"619	erc07	139.0707950592	2261660.0000000000"
2016-06-29 10:50:52,"602	erc07	140.0536770821	2260750.0000000000"
2016-06-29 10:50:53,"590	erc07	141.0416090488	2259440.0000000000"
2016-06-29 10:50:54,"586	erc07	142.0375361443	2260080.0000000000"
2016-06-29 10:50:55,"588	erc07	143.0404231548	2261130.0000000000"
2016-06-29 10:50:56,"586	erc07	144.0382280350	2260500.0000000000"
2016-06-29 10:50:57,"598	erc07	145.0501041412	2260180.0000000000"
2016-06-29 10:50:58,"586	erc07	146.0379951000	2261160.0000000000"
2016-06-29 10:50:59,"586	erc07	147.0378839970	2261820.0000000000"
2016-06-29 10:51:00,"591	erc07	148.0428280830	2262950.0000000000"
2016-06-29 10:51:01,"585	erc07	149.0368010998	2263910.0000000000"
2016-06-29 10:51:02,"628	erc07	150.0796871185	2263930.0000000000"
2016-06-29 10:51:03,"611	erc07	151.0626091957	2263530.0000000000"
2016-06-29 10:51:04,"594	erc07	152.0456511974	2262370.0000000000"
2016-06-29 10:51:05,"585	erc07	153.0374991894	2262960.0000000000"
2016-06-29 10:51:06,"586	erc07	154.0384550095	2263080.0000000000"
2016-06-29 10:51:07,"591	erc07	155.0433690548	2263210.0000000000"
2016-06-29 10:51:08,"607	erc07	156.0592341423	2263070.0000000000"
2016-06-29 10:51:09,"590	erc07	157.0421161652	2263670.0000000000"
2016-06-29 10:51:10,"585	erc07	158.0369970798	2263900.0000000000"
2016-06-29 10:51:11,"589	erc07	159.0409061909	2262710.0000000000"
2016-06-29 10:51:12,"585	erc07	160.0367980003	2262100.0000000000"
2016-06-29 10:51:13,"588	erc07	161.0397841930	2261240.0000000000"
2016-06-29 10:51:14,"619	erc07	162.0707440376	2260280.0000000000"
2016-06-29 10:51:15,"602	erc07	163.0537080765	2259500.0000000000"
2016-06-29 10:51:16,"591	erc07	164.0426130295	2259120.0000000000"
2016-06-29 10:51:17,"587	erc07	165.0387442112	2258000.0000000000"
2016-06-29 10:51:18,"589	erc07	166.0405089855	2259860.0000000000"
2016-06-29 10:51:19,"586	erc07	167.0375211239	2260060.0000000000"
2016-06-29 10:51:20,"598	erc07	168.0503342152	2260860.0000000000"
2016-06-29 10:51:21,"585	erc07	169.0373740196	2261530.0000000000"
2016-06-29 10:51:22,"586	erc07	170.0383400917	2261520.0000000000"
2016-06-29 10:51:23,"591	erc07	171.0432951450	2261390.0000000000"
2016-06-29 10:51:24,"585	erc07	172.0372211933	2262350.0000000000"
2016-06-29 10:51:25,"628	erc07	173.0800461769	2262770.0000000000"
2016-06-29 10:51:26,"611	erc07	174.0629980564	2262510.0000000000"
2016-06-29 10:51:27,"595	erc07	175.0469331741	2262280.0000000000"
2016-06-29 10:51:28,"585	erc07	176.0369000435	2263770.0000000000"
2016-06-29 10:51:29,"587	erc07	177.0388460159	2262510.0000000000"
2016-06-29 10:51:30,"586	erc07	178.0377461910	2262290.0000000000"
2016-06-29 10:51:31,"607	erc07	179.0585811138	2263290.0000000000"
2016-06-29 10:51:32,"590	erc07	180.0416510105	2263150.0000000000"
2016-06-29 10:51:33,"585	erc07	181.0374920368	2261610.0000000000"
2016-06-29 10:51:34,"589	erc07	182.0405471325	2262520.0000000000"
2016-06-29 10:51:35,"586	erc07	183.0375001431	2263240.0000000000"
2016-06-29 10:51:36,"588	erc07	184.0403220654	2264600.0000000000"
2016-06-29 10:51:37,"619	erc07	185.0711350441	2264050.0000000000"
2016-06-29 10:51:38,"602	erc07	186.0541210175	2264330.0000000000"
2016-06-29 10:51:39,"591	erc07	187.0431020260	2263920.0000000000"
2016-06-29 10:51:40,"585	erc07	188.0370020866	2263970.0000000000"
2016-06-29 10:51:41,"589	erc07	189.0409240723	2264030.0000000000"
2016-06-29 10:51:42,"586	erc07	190.0377981663	2263690.0000000000"
2016-06-29 10:51:43,"599	erc07	191.0508010387	2265240.0000000000"
2016-06-29 10:51:44,"585	erc07	192.0367300510	2265240.0000000000"
2016-06-29 10:51:45,"586	erc07	193.0384981632	2265350.0000000000"
2016-06-29 10:51:46,"591	erc07	194.0433731079	2264400.0000000000"
2016-06-29 10:51:47,"585	erc07	195.0372750759	2263790.0000000000"
2016-06-29 10:51:48,"628	erc07	196.0800111294	2263800.0000000000"
2016-06-29 10:51:49,"611	erc07	197.0630221367	2264600.0000000000"
2016-06-29 10:51:50,"594	erc07	198.0459830761	2263620.0000000000"
2016-06-29 10:51:51,"586	erc07	199.0377981663	2262270.0000000000"
2016-06-29 10:51:52,"587	erc07	200.0387492180	2261440.0000000000"
2016-06-29 10:51:53,"585	erc07	201.0367550850	2260910.0000000000"
2016-06-29 10:51:54,"608	erc07	202.0595769882	2260970.0000000000"
2016-06-29 10:51:55,"590	erc07	203.0424230099	2261360.0000000000"
2016-06-29 10:51:56,"586	erc07	204.0383031368	2260070.0000000000"
2016-06-29 10:51:57,"589	erc07	205.0412251949	2261020.0000000000"
2016-06-29 10:51:58,"586	erc07	206.0380301476	2260190.0000000000"
2016-06-29 10:51:59,"588	erc07	207.0399692059	2259830.0000000000"
2016-06-29 10:52:00,"620	erc07	208.0718631744	2260160.0000000000"
2016-06-29 10:52:01,"603	erc07	209.0548191071	2259710.0000000000"
2016-06-29 10:52:02,"592	erc07	210.0437500477	2259670.0000000000"
2016-06-29 10:52:03,"585	erc07	211.0366361141	2261890.0000000000"
2016-06-29 10:52:04,"589	erc07	212.0414969921	2260860.0000000000"
2016-06-29 10:52:05,"586	erc07	213.0384271145	2262530.0000000000"
2016-06-29 10:52:06,"599	erc07	214.0512740612	2262560.0000000000"
2016-06-29 10:52:07,"585	erc07	215.0372011662	2262270.0000000000"
2016-06-29 10:52:08,"587	erc07	216.0390481949	2262930.0000000000"
2016-06-29 10:52:09,"585	erc07	217.0369791985	2262500.0000000000"
2016-06-29 10:52:10,"586	erc07	218.0379271507	2262960.0000000000"
2016-06-29 10:52:11,"629	erc07	219.0807871819	2263050.0000000000"
2016-06-29 10:52:12,"612	erc07	220.0637681484	2263070.0000000000"
2016-06-29 10:52:13,"594	erc07	221.0457320213	2263680.0000000000"
2016-06-29 10:52:14,"584	erc07	222.0364911556	2263550.0000000000"
2016-06-29 10:52:15,"587	erc07	223.0394191742	2264210.0000000000"
2016-06-29 10:52:16,"585	erc07	224.0373330116	2263140.0000000000"
2016-06-29 10:52:17,"608	erc07	225.0601031780	2262280.0000000000"
2016-06-29 10:52:18,"591	erc07	226.0430700779	2261770.0000000000"
2016-06-29 10:52:19,"585	erc07	227.0368671417	2261320.0000000000"
2016-06-29 10:52:20,"590	erc07	228.0418050289	2261210.0000000000"
2016-06-29 10:52:21,"585	erc07	229.0367021561	2261750.0000000000"
2016-06-29 10:52:22,"589	erc07	230.0405440331	2260750.0000000000"
2016-06-29 10:52:23,"620	erc07	231.0723521709	2260330.0000000000"
2016-06-29 10:52:24,"603	erc07	232.0552380085	2258390.0000000000"
2016-06-29 10:52:25,"591	erc07	233.0432469845	2257790.0000000000"
2016-06-29 10:52:26,"585	erc07	234.0372099876	2258680.0000000000"
2016-06-29 10:52:27,"590	erc07	235.0421020985	2259260.0000000000"
2016-06-29 10:52:28,"586	erc07	236.0380270481	2259640.0000000000"
2016-06-29 10:52:29,"600	erc07	237.0519020557	2260370.0000000000"
2016-06-29 10:52:30,"586	erc07	238.0377521515	2259420.0000000000"
2016-06-29 10:52:31,"588	erc07	239.0396380424	2259590.0000000000"
2016-06-29 10:52:32,"592	erc07	240.0435531139	2258720.0000000000"
2016-06-29 10:52:33,"585	erc07	241.0374050140	2257620.0000000000"
2016-06-29 10:52:34,"630	erc07	242.0822730064	2256710.0000000000"
2016-06-29 10:52:35,"611	erc07	243.0633771420	2254780.0000000000"
2016-06-29 10:52:36,"594	erc07	244.0463020802	2255970.0000000000"
2016-06-29 10:52:37,"585	erc07	245.0372040272	2255590.0000000000"
2016-06-29 10:52:38,"588	erc07	246.0401911736	2255360.0000000000"
2016-06-29 10:52:39,"586	erc07	247.0381071568	2255990.0000000000"
2016-06-29 10:52:40,"608	erc07	248.0600051880	2257480.0000000000"
2016-06-29 10:52:41,"592	erc07	249.0439281464	2256610.0000000000"
2016-06-29 10:52:42,"585	erc07	250.0367791653	2257560.0000000000"
2016-06-29 10:52:43,"590	erc07	251.0417401791	2257860.0000000000"
2016-06-29 10:52:44,"585	erc07	252.0367381573	2258550.0000000000"
2016-06-29 10:52:45,"589	erc07	253.0405330658	2257480.0000000000"
2016-06-29 10:52:46,"620	erc07	254.0724291801	2256730.0000000000"
2016-06-29 10:52:47,"603	erc07	255.0554361343	2255470.0000000000"
2016-06-29 10:52:48,"591	erc07	256.0431680679	2255860.0000000000"
2016-06-29 10:52:49,"586	erc07	257.0381340981	2258060.0000000000"
2016-06-29 10:52:50,"590	erc07	258.0420050621	2258190.0000000000"
2016-06-29 10:52:51,"586	erc07	259.0378780365	2259320.0000000000"
2016-06-29 10:52:52,"600	erc07	260.0517611504	2259960.0000000000"
2016-06-29 10:52:53,"586	erc07	261.0375971794	2259180.0000000000"
2016-06-29 10:52:54,"587	erc07	262.0394961834	2258800.0000000000"
2016-06-29 10:52:55,"585	erc07	263.0374081135	2258050.0000000000"
2016-06-29 10:52:56,"586	erc07	264.0383231640	2257760.0000000000"
2016-06-29 10:52:57,"634	erc07	265.0861301422	2256100.0000000000"
2016-06-29 10:52:58,"612	erc07	266.0640850067	2255220.0000000000"
2016-06-29 10:52:59,"595	erc07	267.0469300747	2251390.0000000000"
2016-06-29 10:53:00,"586	erc07	268.0378811359	2251710.0000000000"
2016-06-29 10:53:01,"588	erc07	269.0398211479	2255310.0000000000"
2016-06-29 10:53:02,"586	erc07	270.0377600193	2256700.0000000000"
2016-06-29 10:53:03,"609	erc07	271.0606250763	2257190.0000000000"
2016-06-29 10:53:04,"592	erc07	272.0435550213	2256150.0000000000"
2016-06-29 10:53:05,"585	erc07	273.0374560356	2255600.0000000000"
2016-06-29 10:53:06,"590	erc07	274.0424041748	2253970.0000000000"
2016-06-29 10:53:07,"586	erc07	275.0382661819	2252530.0000000000"
2016-06-29 10:53:08,"589	erc07	276.0411860943	2251450.0000000000"
2016-06-29 10:53:09,"621	erc07	277.0731770992	2251630.0000000000"
2016-06-29 10:53:10,"603	erc07	278.0551362038	2251080.0000000000"
2016-06-29 10:53:11,"586	erc07	279.0380070210	2249590.0000000000"
2016-06-29 10:53:12,"586	erc07	280.0379071236	2251720.0000000000"
2016-06-29 10:53:13,"591	erc07	281.0428810120	2251610.0000000000"
2016-06-29 10:53:14,"586	erc07	282.0377571583	2250950.0000000000"
2016-06-29 10:53:15,"600	erc07	283.0517311096	2249920.0000000000"
2016-06-29 10:53:16,"586	erc07	284.0376360416	2250380.0000000000"
2016-06-29 10:53:17,"589	erc07	285.0406010151	2250810.0000000000"
2016-06-29 10:53:18,"585	erc07	286.0374631882	2249970.0000000000"
2016-06-29 10:53:19,"586	erc07	287.0384020805	2249180.0000000000"
2016-06-29 10:53:20,"634	erc07	288.0862050056	2248970.0000000000"
2016-06-29 10:53:21,"612	erc07	289.0640740395	2249240.0000000000"
2016-06-29 10:53:22,"595	erc07	290.0471642017	2249250.0000000000"
2016-06-29 10:53:23,"585	erc07	291.0369870663	2248820.0000000000"
2016-06-29 10:53:24,"589	erc07	292.0409080982	2249160.0000000000"
2016-06-29 10:53:25,"585	erc07	293.0368530750	2248250.0000000000"
2016-06-29 10:53:26,"609	erc07	294.0607550144	2249070.0000000000"
2016-06-29 10:53:27,"591	erc07	295.0427691936	2249140.0000000000"
2016-06-29 10:53:28,"587	erc07	296.0386261940	2248710.0000000000"
2016-06-29 10:53:29,"591	erc07	297.0425331593	2247740.0000000000"
2016-06-29 10:53:30,"585	erc07	298.0374350548	2247650.0000000000"
2016-06-29 10:53:31,"589	erc07	299.0412440300	2248880.0000000000"
2016-06-29 10:53:32,"621	erc07	300.0731170177	2248230.0000000000"
2016-06-29 10:53:33,"604	erc07	301.0560340881	2246800.0000000000"
2016-06-29 10:53:34,"585	erc07	302.0370151997	2246340.0000000000"
2016-06-29 10:53:35,"586	erc07	303.0379600525	2247390.0000000000"
2016-06-29 10:53:36,"591	erc07	304.0428540707	2247370.0000000000"
2016-06-29 10:53:37,"586	erc07	305.0377840996	2248470.0000000000"
2016-06-29 10:53:38,"601	erc07	306.0527560711	2247070.0000000000"
2016-06-29 10:53:39,"586	erc07	307.0376160145	2247990.0000000000"
2016-06-29 10:53:40,"588	erc07	308.0404970646	2247900.0000000000"
2016-06-29 10:53:41,"586	erc07	309.0375120640	2247780.0000000000"
2016-06-29 10:53:42,"586	erc07	310.0384030342	2247870.0000000000"
2016-06-29 10:53:43,"631	erc07	311.0832610130	2247880.0000000000"
2016-06-29 10:53:44,"612	erc07	312.0642139912	2247020.0000000000"
2016-06-29 10:53:45,"595	erc07	313.0471100807	2247500.0000000000"
2016-06-29 10:53:46,"585	erc07	314.0370659828	2248160.0000000000"
2016-06-29 10:53:47,"589	erc07	315.0409619808	2248040.0000000000"
2016-06-29 10:53:48,"585	erc07	316.0368590355	2248150.0000000000"
2016-06-29 10:53:49,"609	erc07	317.0607571602	2248230.0000000000"
2016-06-29 10:53:50,"592	erc07	318.0436000824	2248090.0000000000"
2016-06-29 10:53:51,"586	erc07	319.0375351906	2248690.0000000000"
2016-06-29 10:53:52,"590	erc07	320.0423591137	2248610.0000000000"
2016-06-29 10:53:53,"585	erc07	321.0372610092	2248310.0000000000"
2016-06-29 10:53:54,"590	erc07	322.0421981812	2248090.0000000000"
2016-06-29 10:53:55,"621	erc07	323.0730640888	2247700.0000000000"
2016-06-29 10:53:56,"604	erc07	324.0560112000	2247790.0000000000"
2016-06-29 10:53:57,"586	erc07	325.0379099846	2248060.0000000000"
2016-06-29 10:53:58,"587	erc07	326.0388510227	2247900.0000000000"
2016-06-29 10:53:59,"592	erc07	327.0437860489	2248120.0000000000"
2016-06-29 10:54:00,"586	erc07	328.0377860069	2248380.0000000000"
2016-06-29 10:54:01,"601	erc07	329.0525841713	2248340.0000000000"
2016-06-29 10:54:02,"586	erc07	330.0375862122	2247930.0000000000"
2016-06-29 10:54:03,"588	erc07	331.0403740406	2247570.0000000000"
2016-06-29 10:54:04,"585	erc07	332.0372641087	2247140.0000000000"
2016-06-29 10:54:05,"587	erc07	333.0392820835	2247220.0000000000"
2016-06-29 10:54:06,"585	erc07	334.0371870995	2246780.0000000000"
2016-06-29 10:54:07,"613	erc07	335.0650889874	2246290.0000000000"
2016-06-29 10:54:08,"596	erc07	336.0480101109	2245930.0000000000"
2016-06-29 10:54:09,"585	erc07	337.0369551182	2245370.0000000000"
2016-06-29 10:54:10,"590	erc07	338.0418260098	2244540.0000000000"
2016-06-29 10:54:11,"585	erc07	339.0367531776	2245170.0000000000"
2016-06-29 10:54:12,"610	erc07	340.0615611076	2245170.0000000000"
2016-06-29 10:54:13,"592	erc07	341.0444071293	2245270.0000000000"
2016-06-29 10:54:14,"586	erc07	342.0382750034	2245920.0000000000"
2016-06-29 10:54:15,"591	erc07	343.0433211327	2246500.0000000000"
2016-06-29 10:54:16,"585	erc07	344.0372440815	2246570.0000000000"
2016-06-29 10:54:17,"590	erc07	345.0420851707	2246830.0000000000"
2016-06-29 10:54:18,"622	erc07	346.0740091801	2246720.0000000000"
2016-06-29 10:54:19,"605	erc07	347.0569431782	2246600.0000000000"
2016-06-29 10:54:20,"586	erc07	348.0378611088	2245930.0000000000"
2016-06-29 10:54:21,"587	erc07	349.0388112068	2245570.0000000000"
2016-06-29 10:54:22,"586	erc07	350.0377621651	2245580.0000000000"
2016-06-29 10:54:23,"587	erc07	351.0385591984	2244560.0000000000"
2016-06-29 10:54:24,"601	erc07	352.0534160137	2244020.0000000000"
2016-06-29 10:54:25,"586	erc07	353.0382611752	2244240.0000000000"
2016-06-29 10:54:26,"589	erc07	354.0411400795	2244350.0000000000"
2016-06-29 10:54:27,"586	erc07	355.0380611420	2244180.0000000000"
2016-06-29 10:54:28,"588	erc07	356.0399651527	2243830.0000000000"
2016-06-29 10:54:29,"585	erc07	357.0369381905	2243020.0000000000"
2016-06-29 10:54:30,"613	erc07	358.0647101402	2242530.0000000000"
2016-06-29 10:54:31,"596	erc07	359.0477581024	2242870.0000000000"
2016-06-29 10:54:32,"586	erc07	360.0377640724	2242990.0000000000"
2016-06-29 10:54:33,"590	erc07	361.0417540073	2242970.0000000000"
2016-06-29 10:54:34,"586	erc07	362.0375411510	2241750.0000000000"
2016-06-29 10:54:35,"610	erc07	363.0614950657	2241070.0000000000"
2016-06-29 10:54:36,"592	erc07	364.0443689823	2241410.0000000000"
2016-06-29 10:54:37,"586	erc07	365.0381879807	2241030.0000000000"
2016-06-29 10:54:38,"591	erc07	366.0431890488	2240450.0000000000"
2016-06-29 10:54:39,"585	erc07	367.0370771885	2240570.0000000000"
2016-06-29 10:54:40,"591	erc07	368.0430030823	2239850.0000000000"
2016-06-29 10:54:41,"622	erc07	369.0737571716	2237310.0000000000"
2016-06-29 10:54:42,"605	erc07	370.0567691326	2240000.0000000000"
2016-06-29 10:54:43,"586	erc07	371.0376181602	2240740.0000000000"
2016-06-29 10:54:44,"588	erc07	372.0395131111	2240900.0000000000"
2016-06-29 10:54:45,"585	erc07	373.0374641418	2241290.0000000000"
2016-06-29 10:54:46,"586	erc07	374.0383930206	2241650.0000000000"
2016-06-29 10:54:47,"601	erc07	375.0533092022	2242240.0000000000"
2016-06-29 10:54:48,"585	erc07	376.0371050835	2241720.0000000000"
2016-06-29 10:54:49,"589	erc07	377.0411159992	2242530.0000000000"
2016-06-29 10:54:50,"585	erc07	378.0370850563	2241650.0000000000"
2016-06-29 10:54:51,"588	erc07	379.0399661064	2239980.0000000000"
2016-06-29 10:54:52,"585	erc07	380.0368931293	2239820.0000000000"
2016-06-29 10:54:53,"614	erc07	381.0657610893	2239450.0000000000"
2016-06-29 10:54:54,"597	erc07	382.0487561226	2238760.0000000000"
2016-06-29 10:54:55,"586	erc07	383.0376210213	2237690.0000000000"
2016-06-29 10:54:56,"590	erc07	384.0415780544	2238470.0000000000"
2016-06-29 10:54:57,"585	erc07	385.0374441147	2239390.0000000000"
2016-06-29 10:54:58,"610	erc07	386.0623171329	2239460.0000000000"
2016-06-29 10:54:59,"593	erc07	387.0451760292	2238820.0000000000"
2016-06-29 10:55:00,"587	erc07	388.0390851498	2240140.0000000000"
2016-06-29 10:55:01,"585	erc07	389.0370671749	2238700.0000000000"
2016-06-29 10:55:02,"586	erc07	390.0379672050	2238610.0000000000"
2016-06-29 10:55:03,"591	erc07	391.0428640842	2238250.0000000000"
2016-06-29 10:55:04,"622	erc07	392.0738031864	2239150.0000000000"
2016-06-29 10:55:05,"605	erc07	393.0567560196	2239240.0000000000"
2016-06-29 10:55:06,"587	erc07	394.0387630463	2240480.0000000000"
2016-06-29 10:55:07,"588	erc07	395.0395832062	2240120.0000000000"
2016-06-29 10:55:08,"585	erc07	396.0374710560	2239820.0000000000"
2016-06-29 10:55:09,"587	erc07	397.0394141674	2239840.0000000000"
2016-06-29 10:55:10,"602	erc07	398.0542671680	2239410.0000000000"
2016-06-29 10:55:11,"585	erc07	399.0371370316	2239580.0000000000"
2016-06-29 10:55:12,"589	erc07	400.0410950184	2238700.0000000000"
2016-06-29 10:55:13,"586	erc07	401.0379910469	2239410.0000000000"
2016-06-29 10:55:14,"589	erc07	402.0408971310	2239200.0000000000"
2016-06-29 10:55:15,"586	erc07	403.0379171371	2239720.0000000000"
2016-06-29 10:55:16,"614	erc07	404.0658411980	2239380.0000000000"
2016-06-29 10:55:17,"597	erc07	405.0487589836	2238540.0000000000"
2016-06-29 10:55:18,"586	erc07	406.0376441479	2238510.0000000000"
2016-06-29 10:55:19,"591	erc07	407.0425481796	2237840.0000000000"
2016-06-29 10:55:20,"585	erc07	408.0373620987	2237620.0000000000"
2016-06-29 10:55:21,"610	erc07	409.0623681545	2237970.0000000000"
2016-06-29 10:55:22,"593	erc07	410.0453200340	2236470.0000000000"
2016-06-29 10:55:23,"587	erc07	411.0391771793	2237860.0000000000"
2016-06-29 10:55:24,"585	erc07	412.0371880531	2239400.0000000000"
2016-06-29 10:55:25,"586	erc07	413.0380690098	2238280.0000000000"
2016-06-29 10:55:26,"591	erc07	414.0428690910	2240650.0000000000"
2016-06-29 10:55:27,"623	erc07	415.0747702122	2239500.0000000000"
2016-06-29 10:55:28,"606	erc07	416.0576450825	2238580.0000000000"
2016-06-29 10:55:29,"587	erc07	417.0385441780	2239090.0000000000"
2016-06-29 10:55:30,"588	erc07	418.0395200253	2239420.0000000000"
2016-06-29 10:55:31,"585	erc07	419.0373971462	2239260.0000000000"
2016-06-29 10:55:32,"587	erc07	420.0393550396	2238920.0000000000"
2016-06-29 10:55:33,"602	erc07	421.0542211533	2237910.0000000000"
2016-06-29 10:55:34,"585	erc07	422.0372591019	2237960.0000000000"
2016-06-29 10:55:35,"590	erc07	423.0421080589	2238150.0000000000"
2016-06-29 10:55:36,"586	erc07	424.0380170345	2237840.0000000000"
2016-06-29 10:55:37,"589	erc07	425.0408999920	2236700.0000000000"
2016-06-29 10:55:38,"585	erc07	426.0367901325	2237430.0000000000"
2016-06-29 10:55:39,"614	erc07	427.0657451153	2238050.0000000000"
2016-06-29 10:55:40,"598	erc07	428.0496201515	2237970.0000000000"
2016-06-29 10:55:41,"586	erc07	429.0375950336	2237000.0000000000"
2016-06-29 10:55:42,"590	erc07	430.0424129963	2235630.0000000000"
2016-06-29 10:55:43,"585	erc07	431.0373780727	2235560.0000000000"
2016-06-29 10:55:44,"611	erc07	432.0630102158	2237070.0000000000"
2016-06-29 10:55:45,"594	erc07	433.0460801125	2237420.0000000000"
2016-06-29 10:55:46,"588	erc07	434.0399560928	2238080.0000000000"
2016-06-29 10:55:47,"585	erc07	435.0368452072	2238750.0000000000"
2016-06-29 10:55:48,"587	erc07	436.0386559963	2238220.0000000000"
2016-06-29 10:55:49,"591	erc07	437.0434532166	2238650.0000000000"
2016-06-29 10:55:50,"623	erc07	438.0753250122	2237790.0000000000"
2016-06-29 10:55:51,"606	erc07	439.0582201481	2237290.0000000000"
2016-06-29 10:55:52,"587	erc07	440.0391190052	2239370.0000000000"
2016-06-29 10:55:53,"588	erc07	441.0399200916	2240440.0000000000"
2016-06-29 10:55:54,"585	erc07	442.0369281769	2238290.0000000000"
2016-06-29 10:55:55,"588	erc07	443.0397951603	2237580.0000000000"
2016-06-29 10:55:56,"603	erc07	444.0547461510	2239150.0000000000"
2016-06-29 10:55:57,"586	erc07	445.0376260281	2239890.0000000000"
2016-06-29 10:55:58,"591	erc07	446.0425460339	2238410.0000000000"
2016-06-29 10:55:59,"586	erc07	447.0383961201	2238580.0000000000"
2016-06-29 10:56:00,"589	erc07	448.0412740707	2237750.0000000000"
2016-06-29 10:56:01,"586	erc07	449.0382480621	2237740.0000000000"
2016-06-29 10:56:02,"615	erc07	450.0671460629	2236760.0000000000"
2016-06-29 10:56:03,"598	erc07	451.0501210690	2236110.0000000000"
2016-06-29 10:56:04,"586	erc07	452.0380461216	2237160.0000000000"
2016-06-29 10:56:05,"591	erc07	453.0429491997	2236810.0000000000"
2016-06-29 10:56:06,"586	erc07	454.0378720760	2236800.0000000000"
2016-06-29 10:56:07,"611	erc07	455.0627460480	2236900.0000000000"
2016-06-29 10:56:08,"594	erc07	456.0457730293	2237180.0000000000"
2016-06-29 10:56:09,"588	erc07	457.0396730900	2237220.0000000000"
2016-06-29 10:56:10,"585	erc07	458.0365941525	2235900.0000000000"
2016-06-29 10:56:11,"586	erc07	459.0384681225	2237340.0000000000"
2016-06-29 10:56:12,"592	erc07	460.0443952084	2237090.0000000000"
2016-06-29 10:56:13,"623	erc07	461.0752930641	2236860.0000000000"
2016-06-29 10:56:14,"606	erc07	462.0582001209	2236910.0000000000"
2016-06-29 10:56:15,"588	erc07	463.0400960445	2236710.0000000000"
2016-06-29 10:56:16,"588	erc07	464.0400462151	2236340.0000000000"
2016-06-29 10:56:17,"585	erc07	465.0368821621	2236390.0000000000"
2016-06-29 10:56:18,"588	erc07	466.0397980213	2236110.0000000000"
2016-06-29 10:56:19,"603	erc07	467.0547311306	2235590.0000000000"
2016-06-29 10:56:20,"586	erc07	468.0376520157	2235790.0000000000"
2016-06-29 10:56:21,"591	erc07	469.0426001549	2234790.0000000000"
2016-06-29 10:56:22,"586	erc07	470.0375289917	2234190.0000000000"
2016-06-29 10:56:23,"589	erc07	471.0414249897	2234040.0000000000"
2016-06-29 10:56:24,"585	erc07	472.0373921394	2234970.0000000000"
2016-06-29 10:56:25,"614	erc07	473.0662970543	2235850.0000000000"
2016-06-29 10:56:26,"598	erc07	474.0500450134	2236910.0000000000"
2016-06-29 10:56:27,"587	erc07	475.0390260220	2236860.0000000000"
2016-06-29 10:56:28,"591	erc07	476.0429351330	2236180.0000000000"
2016-06-29 10:56:29,"586	erc07	477.0378479958	2236220.0000000000"
2016-06-29 10:56:30,"612	erc07	478.0637331009	2235610.0000000000"
2016-06-29 10:56:31,"595	erc07	479.0466752052	2235620.0000000000"
2016-06-29 10:56:32,"589	erc07	480.0405850410	2234610.0000000000"
2016-06-29 10:56:33,"585	erc07	481.0374851227	2234260.0000000000"
2016-06-29 10:56:34,"587	erc07	482.0394761562	2233370.0000000000"
2016-06-29 10:56:35,"592	erc07	483.0443241596	2233060.0000000000"
2016-06-29 10:56:36,"623	erc07	484.0751581192	2233500.0000000000"
2016-06-29 10:56:37,"606	erc07	485.0581901073	2232990.0000000000"
2016-06-29 10:56:38,"588	erc07	486.0401751995	2230200.0000000000"
2016-06-29 10:56:39,"589	erc07	487.0410780907	2230700.0000000000"
2016-06-29 10:56:40,"585	erc07	488.0370011330	2230760.0000000000"
2016-06-29 10:56:41,"588	erc07	489.0397970676	2231750.0000000000"
2016-06-29 10:56:42,"604	erc07	490.0556061268	2231660.0000000000"
2016-06-29 10:56:43,"587	erc07	491.0385270119	2230820.0000000000"
2016-06-29 10:56:44,"590	erc07	492.0424551964	2230400.0000000000"
2016-06-29 10:56:45,"585	erc07	493.0374190807	2230170.0000000000"
2016-06-29 10:56:46,"589	erc07	494.0413391590	2232160.0000000000"
2016-06-29 10:56:47,"585	erc07	495.0373051167	2233850.0000000000"
2016-06-29 10:56:48,"615	erc07	496.0672090054	2232740.0000000000"
2016-06-29 10:56:49,"598	erc07	497.0501511097	2230770.0000000000"
2016-06-29 10:56:50,"587	erc07	498.0390801430	2230030.0000000000"
2016-06-29 10:56:51,"591	erc07	499.0429780483	2228710.0000000000"
2016-06-29 10:56:52,"586	erc07	500.0378282070	2228980.0000000000"
2016-06-29 10:56:53,"612	erc07	501.0636610985	2230740.0000000000"
2016-06-29 10:56:54,"595	erc07	502.0465950966	2230640.0000000000"
2016-06-29 10:56:55,"589	erc07	503.0405311584	2230100.0000000000"
2016-06-29 10:56:56,"585	erc07	504.0373771191	2230980.0000000000"
2016-06-29 10:56:57,"587	erc07	505.0392980576	2231680.0000000000"
2016-06-29 10:56:58,"585	erc07	506.0372571945	2232050.0000000000"
2016-06-29 10:56:59,"624	erc07	507.0761761665	2230810.0000000000"
2016-06-29 10:57:00,"607	erc07	508.0591790676	2231290.0000000000"
2016-06-29 10:57:01,"589	erc07	509.0410530567	2230650.0000000000"
2016-06-29 10:57:02,"589	erc07	510.0409410000	2230640.0000000000"
2016-06-29 10:57:03,"585	erc07	511.0369122028	2230860.0000000000"
2016-06-29 10:57:04,"589	erc07	512.0407540798	2231210.0000000000"
2016-06-29 10:57:05,"604	erc07	513.0556471348	2231550.0000000000"
2016-06-29 10:57:06,"586	erc07	514.0384380817	2231230.0000000000"
2016-06-29 10:57:07,"591	erc07	515.0433850288	2230530.0000000000"
2016-06-29 10:57:08,"586	erc07	516.0382511616	2230410.0000000000"
2016-06-29 10:57:09,"590	erc07	517.0421462059	2230020.0000000000"
2016-06-29 10:57:10,"586	erc07	518.0380561352	2229960.0000000000"
2016-06-29 10:57:11,"616	erc07	519.0679991245	2230570.0000000000"
2016-06-29 10:57:12,"598	erc07	520.0499110222	2231050.0000000000"
2016-06-29 10:57:13,"587	erc07	521.0388250351	2230460.0000000000"
2016-06-29 10:57:14,"586	erc07	522.0377581120	2231030.0000000000"
2016-06-29 10:57:15,"587	erc07	523.0385830402	2230310.0000000000"
2016-06-29 10:57:16,"612	erc07	524.0644550323	2229950.0000000000"
2016-06-29 10:57:17,"595	erc07	525.0474791527	2230220.0000000000"
2016-06-29 10:57:18,"589	erc07	526.0414330959	2231080.0000000000"
2016-06-29 10:57:19,"585	erc07	527.0374300480	2230960.0000000000"
2016-06-29 10:57:20,"587	erc07	528.0393331051	2230480.0000000000"
2016-06-29 10:57:21,"585	erc07	529.0372891426	2229900.0000000000"
2016-06-29 10:57:22,"624	erc07	530.0761320591	2230270.0000000000"
2016-06-29 10:57:23,"607	erc07	531.0590012074	2230320.0000000000"
2016-06-29 10:57:24,"589	erc07	532.0410611629	2230590.0000000000"
2016-06-29 10:57:25,"590	erc07	533.0419650078	2230410.0000000000"
2016-06-29 10:57:26,"585	erc07	534.0368821621	2230100.0000000000"
2016-06-29 10:57:27,"589	erc07	535.0408220291	2229730.0000000000"
2016-06-29 10:57:28,"604	erc07	536.0555241108	2230300.0000000000"
2016-06-29 10:57:29,"587	erc07	537.0386061668	2230190.0000000000"
2016-06-29 10:57:30,"592	erc07	538.0435431004	2230260.0000000000"
2016-06-29 10:57:31,"586	erc07	539.0383031368	2229680.0000000000"
2016-06-29 10:57:32,"590	erc07	540.0422320366	2230580.0000000000"
2016-06-29 10:57:33,"585	erc07	541.0371811390	2229520.0000000000"
2016-06-29 10:57:34,"616	erc07	542.0680370331	2229060.0000000000"
2016-06-29 10:57:35,"599	erc07	543.0508801937	2229660.0000000000"
2016-06-29 10:57:36,"588	erc07	544.0397810936	2230210.0000000000"
2016-06-29 10:57:37,"585	erc07	545.0367600918	2230340.0000000000"
2016-06-29 10:57:38,"587	erc07	546.0386800766	2230550.0000000000"
2016-06-29 10:57:39,"612	erc07	547.0644540787	2230890.0000000000"
2016-06-29 10:57:40,"595	erc07	548.0473301411	2230820.0000000000"
2016-06-29 10:57:41,"589	erc07	549.0412061214	2230710.0000000000"
2016-06-29 10:57:42,"585	erc07	550.0371551514	2230260.0000000000"
2016-06-29 10:57:43,"588	erc07	551.0400810242	2229850.0000000000"
2016-06-29 10:57:44,"585	erc07	552.0368881226	2229830.0000000000"
2016-06-29 10:57:45,"625	erc07	553.0767431259	2230290.0000000000"
2016-06-29 10:57:46,"608	erc07	554.0595521927	2229880.0000000000"
2016-06-29 10:57:47,"590	erc07	555.0415680408	2229620.0000000000"
2016-06-29 10:57:48,"590	erc07	556.0415830612	2229770.0000000000"
2016-06-29 10:57:49,"585	erc07	557.0374870300	2229400.0000000000"
2016-06-29 10:57:50,"589	erc07	558.0413610935	2229420.0000000000"
2016-06-29 10:57:51,"604	erc07	559.0562009811	2230750.0000000000"
2016-06-29 10:57:52,"587	erc07	560.0390441418	2230150.0000000000"
2016-06-29 10:57:53,"585	erc07	561.0369830132	2230290.0000000000"
2016-06-29 10:57:54,"587	erc07	562.0388431549	2230000.0000000000"
2016-06-29 10:57:55,"591	erc07	563.0427560806	2229760.0000000000"
2016-06-29 10:57:56,"586	erc07	564.0377612114	2229730.0000000000"
2016-06-29 10:57:57,"617	erc07	565.0686821938	2229490.0000000000"
2016-06-29 10:57:58,"599	erc07	566.0506341457	2229330.0000000000"
2016-06-29 10:57:59,"588	erc07	567.0395100117	2230510.0000000000"
2016-06-29 10:58:00,"586	erc07	568.0375101566	2230320.0000000000"
2016-06-29 10:58:01,"586	erc07	569.0383582115	2230710.0000000000"
2016-06-29 10:58:02,"613	erc07	570.0651440620	2230690.0000000000"
2016-06-29 10:58:03,"596	erc07	571.0480711460	2231440.0000000000"
2016-06-29 10:58:04,"590	erc07	572.0420861244	2230770.0000000000"
2016-06-29 10:58:05,"585	erc07	573.0369861126	2230230.0000000000"
2016-06-29 10:58:06,"589	erc07	574.0409641266	2229700.0000000000"
2016-06-29 10:58:07,"585	erc07	575.0368390083	2230550.0000000000"
2016-06-29 10:58:08,"625	erc07	576.0766570568	2230900.0000000000"
2016-06-29 10:58:09,"609	erc07	577.0605461597	2229900.0000000000"
2016-06-29 10:58:10,"590	erc07	578.0415589809	2228170.0000000000"
2016-06-29 10:58:11,"590	erc07	579.0424170494	2228220.0000000000"
2016-06-29 10:58:12,"585	erc07	580.0373680592	2229750.0000000000"
2016-06-29 10:58:13,"589	erc07	581.0412931442	2230370.0000000000"
2016-06-29 10:58:14,"604	erc07	582.0561521053	2230850.0000000000"
2016-06-29 10:58:15,"587	erc07	583.0392220020	2230880.0000000000"
2016-06-29 10:58:16,"585	erc07	584.0371220112	2230760.0000000000"
2016-06-29 10:58:17,"587	erc07	585.0390870571	2230110.0000000000"
2016-06-29 10:58:18,"591	erc07	586.0430080891	2230230.0000000000"
2016-06-29 10:58:19,"586	erc07	587.0379600525	2230130.0000000000"
2016-06-29 10:58:20,"617	erc07	588.0688610077	2230150.0000000000"
2016-06-29 10:58:21,"600	erc07	589.0518341064	2230470.0000000000"
2016-06-29 10:58:22,"588	erc07	590.0397601128	2230550.0000000000"
2016-06-29 10:58:23,"585	erc07	591.0366611481	2230050.0000000000"
2016-06-29 10:58:24,"587	erc07	592.0394971371	2229900.0000000000"
2016-06-29 10:58:25,"613	erc07	593.0653381348	2229280.0000000000"
2016-06-29 10:58:26,"596	erc07	594.0482621193	2228890.0000000000"
2016-06-29 10:58:27,"590	erc07	595.0421121120	2228950.0000000000"
2016-06-29 10:58:28,"585	erc07	596.0370121002	2229060.0000000000"
2016-06-29 10:58:29,"589	erc07	597.0409150124	2229000.0000000000"
2016-06-29 10:58:30,"585	erc07	598.0368371010	2229780.0000000000"
2016-06-29 10:58:31,"626	erc07	599.0776150227	2230050.0000000000"
2016-06-29 10:58:32,"608	erc07	600.0604870319	2229380.0000000000"
2016-06-29 10:58:33,"591	erc07	601.0434100628	2229500.0000000000"
2016-06-29 10:58:34,"590	erc07	602.0423071384	2228330.0000000000"
2016-06-29 10:58:35,"586	erc07	603.0382380486	2228100.0000000000"
2016-06-29 10:58:36,"589	erc07	604.0411071777	2228380.0000000000"
2016-06-29 10:58:37,"605	erc07	605.0569891930	2227950.0000000000"
2016-06-29 10:58:38,"588	erc07	606.0398600101	2228080.0000000000"
2016-06-29 10:58:39,"585	erc07	607.0367481709	2228200.0000000000"
2016-06-29 10:58:40,"587	erc07	608.0386481285	2228530.0000000000"
2016-06-29 10:58:41,"592	erc07	609.0436201096	2228600.0000000000"
2016-06-29 10:58:42,"587	erc07	610.0385391712	2228430.0000000000"
2016-06-29 10:58:43,"617	erc07	611.0693681240	2227740.0000000000"
2016-06-29 10:58:44,"599	erc07	612.0513081551	2227670.0000000000"
2016-06-29 10:58:45,"588	erc07	613.0402121544	2227680.0000000000"
2016-06-29 10:58:46,"585	erc07	614.0371141434	2228460.0000000000"
2016-06-29 10:58:47,"587	erc07	615.0390360355	2228930.0000000000"
2016-06-29 10:58:48,"585	erc07	616.0369160175	2228570.0000000000"
2016-06-29 10:58:49,"597	erc07	617.0487501621	2228150.0000000000"
2016-06-29 10:58:50,"591	erc07	618.0425961018	2228400.0000000000"
2016-06-29 10:58:51,"586	erc07	619.0375781059	2228440.0000000000"
2016-06-29 10:58:52,"588	erc07	620.0404481888	2228940.0000000000"
2016-06-29 10:58:53,"585	erc07	621.0374422073	2227970.0000000000"
2016-06-29 10:58:54,"625	erc07	622.0773181915	2228830.0000000000"
2016-06-29 10:58:55,"609	erc07	623.0612170696	2227900.0000000000"
2016-06-29 10:58:56,"591	erc07	624.0431931019	2228380.0000000000"
2016-06-29 10:58:57,"591	erc07	625.0430359840	2228540.0000000000"
2016-06-29 10:58:58,"586	erc07	626.0377531052	2228940.0000000000"
2016-06-29 10:58:59,"590	erc07	627.0417912006	2228570.0000000000"
2016-06-29 10:59:00,"605	erc07	628.0567541122	2228220.0000000000"
2016-06-29 10:59:01,"589	erc07	629.0405430794	2228970.0000000000"
2016-06-29 10:59:02,"585	erc07	630.0374701023	2228920.0000000000"
2016-06-29 10:59:03,"587	erc07	631.0393199921	2229310.0000000000"
2016-06-29 10:59:04,"591	erc07	632.0432400703	2228990.0000000000"
2016-06-29 10:59:05,"587	erc07	633.0390250683	2228650.0000000000"
2016-06-29 10:59:06,"617	erc07	634.0688650608	2228750.0000000000"
2016-06-29 10:59:07,"601	erc07	635.0528130531	2228470.0000000000"
2016-06-29 10:59:08,"589	erc07	636.0408132076	2229390.0000000000"
2016-06-29 10:59:09,"585	erc07	637.0367171764	2229560.0000000000"
2016-06-29 10:59:10,"588	erc07	638.0395832062	2229670.0000000000"
2016-06-29 10:59:11,"585	erc07	639.0374610424	2229420.0000000000"
2016-06-29 10:59:12,"596	erc07	640.0483682156	2229670.0000000000"
2016-06-29 10:59:13,"590	erc07	641.0422430038	2228960.0000000000"
2016-06-29 10:59:14,"585	erc07	642.0369431973	2229310.0000000000"
2016-06-29 10:59:15,"589	erc07	643.0409309864	2229230.0000000000"
2016-06-29 10:59:16,"585	erc07	644.0369000435	2228850.0000000000"
2016-06-29 10:59:17,"627	erc07	645.0788121223	2228220.0000000000"
2016-06-29 10:59:18,"609	erc07	646.0607790947	2228920.0000000000"
2016-06-29 10:59:19,"592	erc07	647.0435240269	2227750.0000000000"
2016-06-29 10:59:20,"592	erc07	648.0435061455	2228450.0000000000"
2016-06-29 10:59:21,"586	erc07	649.0384390354	2228170.0000000000"
2016-06-29 10:59:22,"590	erc07	650.0423381329	2229640.0000000000"
2016-06-29 10:59:23,"605	erc07	651.0571980476	2229400.0000000000"
2016-06-29 10:59:24,"588	erc07	652.0401082039	2229080.0000000000"
2016-06-29 10:59:25,"585	erc07	653.0370512009	2229290.0000000000"
2016-06-29 10:59:26,"587	erc07	654.0389912128	2229220.0000000000"
2016-06-29 10:59:27,"585	erc07	655.0369691849	2229110.0000000000"
2016-06-29 10:59:28,"588	erc07	656.0398061275	2229080.0000000000"
2016-06-29 10:59:29,"618	erc07	657.0697600842	2228640.0000000000"
2016-06-29 10:59:30,"601	erc07	658.0525591373	2228690.0000000000"
2016-06-29 10:59:31,"589	erc07	659.0414221287	2228660.0000000000"
2016-06-29 10:59:32,"585	erc07	660.0373570919	2228880.0000000000"
2016-06-29 10:59:33,"588	erc07	661.0402181149	2228710.0000000000"
2016-06-29 10:59:34,"585	erc07	662.0371270180	2228750.0000000000"
2016-06-29 10:59:35,"597	erc07	663.0490720272	2228840.0000000000"
2016-06-29 10:59:36,"591	erc07	664.0429530144	2228670.0000000000"
2016-06-29 10:59:37,"586	erc07	665.0378851891	2228370.0000000000"
2016-06-29 10:59:38,"590	erc07	666.0417661667	2228180.0000000000"
2016-06-29 10:59:39,"586	erc07	667.0376121998	2228270.0000000000"
