Enter a label: 2016-06-15 12:46:31,811	ec26	0.0482890606	2288470.0000000000
2016-06-15 12:46:32,800	ec26	1.0373241901	2288260.0000000000
2016-06-15 12:46:33,806	ec26	2.0431311131	2288290.0000000000
2016-06-15 12:46:34,800	ec26	3.0370311737	2288270.0000000000
2016-06-15 12:46:35,825	ec26	4.0618681908	2288130.0000000000
2016-06-15 12:46:36,805	ec26	5.0417420864	2288010.0000000000
2016-06-15 12:46:37,803	ec26	6.0396561623	2288000.0000000000
2016-06-15 12:46:38,800	ec26	7.0365741253	2288220.0000000000
2016-06-15 12:46:39,802	ec26	8.0385460854	2288190.0000000000
2016-06-15 12:46:40,807	ec26	9.0434730053	2288270.0000000000
2016-06-15 12:46:41,836	ec26	10.0731501579	2288340.0000000000
2016-06-15 12:46:42,819	ec26	11.0562469959	2288590.0000000000
2016-06-15 12:46:43,802	ec26	12.0392479897	2288510.0000000000
2016-06-15 12:46:44,803	ec26	13.0401539803	2288130.0000000000
2016-06-15 12:46:45,800	ec26	14.0370500088	2288430.0000000000
2016-06-15 12:46:46,802	ec26	15.0389821529	2287840.0000000000
2016-06-15 12:46:47,814	ec26	16.0508210659	2287240.0000000000
2016-06-15 12:46:48,801	ec26	17.0378589630	2287640.0000000000
2016-06-15 12:46:49,806	ec26	18.0427021980	2287470.0000000000
2016-06-15 12:46:50,800	ec26	19.0365970135	2287470.0000000000
2016-06-15 12:46:51,804	ec26	20.0404911041	2287410.0000000000
2016-06-15 12:46:52,800	ec26	21.0373380184	2287330.0000000000
2016-06-15 12:46:53,828	ec26	22.0651981831	2287320.0000000000
2016-06-15 12:46:54,811	ec26	23.0479781628	2287320.0000000000
2016-06-15 12:46:55,801	ec26	24.0378131866	2287320.0000000000
2016-06-15 12:46:56,806	ec26	25.0427939892	2287330.0000000000
2016-06-15 12:46:57,801	ec26	26.0375111103	2287340.0000000000
2016-06-15 12:46:58,826	ec26	27.0625569820	2287220.0000000000
2016-06-15 12:46:59,806	ec26	28.0424470901	2287110.0000000000
2016-06-15 12:47:00,804	ec26	29.0404241085	2287350.0000000000
2016-06-15 12:47:01,801	ec26	30.0383269787	2287110.0000000000
2016-06-15 12:47:02,801	ec26	31.0383031368	2286990.0000000000
2016-06-15 12:47:03,807	ec26	32.0441730022	2287040.0000000000
2016-06-15 12:47:04,837	ec26	33.0740380287	2287070.0000000000
2016-06-15 12:47:05,820	ec26	34.0569510460	2287070.0000000000
2016-06-15 12:47:06,803	ec26	35.0399641991	2287080.0000000000
2016-06-15 12:47:07,804	ec26	36.0407950878	2287030.0000000000
2016-06-15 12:47:08,800	ec26	37.0365681648	2287720.0000000000
2016-06-15 12:47:09,803	ec26	38.0394551754	2287140.0000000000
2016-06-15 12:47:10,818	ec26	39.0544810295	2286910.0000000000
2016-06-15 12:47:11,801	ec26	40.0374810696	2286550.0000000000
2016-06-15 12:47:12,805	ec26	41.0422921181	2286350.0000000000
2016-06-15 12:47:13,800	ec26	42.0372979641	2286510.0000000000
2016-06-15 12:47:14,804	ec26	43.0411760807	2286780.0000000000
2016-06-15 12:47:15,800	ec26	44.0371100903	2286480.0000000000
2016-06-15 12:47:16,829	ec26	45.0660290718	2286450.0000000000
2016-06-15 12:47:17,812	ec26	46.0490310192	2286550.0000000000
2016-06-15 12:47:18,802	ec26	47.0390281677	2286670.0000000000
2016-06-15 12:47:19,806	ec26	48.0429790020	2286540.0000000000
2016-06-15 12:47:20,800	ec26	49.0368270874	2286490.0000000000
2016-06-15 12:47:21,826	ec26	50.0628700256	2286520.0000000000
2016-06-15 12:47:22,806	ec26	51.0428030491	2286500.0000000000
2016-06-15 12:47:23,804	ec26	52.0406761169	2287900.0000000000
2016-06-15 12:47:24,800	ec26	53.0365591049	2285850.0000000000
2016-06-15 12:47:25,802	ec26	54.0385651588	2285350.0000000000
2016-06-15 12:47:26,808	ec26	55.0444509983	2284530.0000000000
2016-06-15 12:47:27,837	ec26	56.0742111206	2284240.0000000000
2016-06-15 12:47:28,820	ec26	57.0573279858	2286320.0000000000
2016-06-15 12:47:29,803	ec26	58.0403280258	2281130.0000000000
2016-06-15 12:47:30,804	ec26	59.0412790775	2279260.0000000000
2016-06-15 12:47:31,800	ec26	60.0371620655	2277910.0000000000
2016-06-15 12:47:32,803	ec26	61.0400509834	2277250.0000000000
2016-06-15 12:47:33,814	ec26	62.0510020256	2275310.0000000000
2016-06-15 12:47:34,801	ec26	63.0379381180	2273650.0000000000
2016-06-15 12:47:35,806	ec26	64.0427350998	2272270.0000000000
2016-06-15 12:47:36,800	ec26	65.0367231369	2271210.0000000000
2016-06-15 12:47:37,805	ec26	66.0417010784	2269500.0000000000
2016-06-15 12:47:38,800	ec26	67.0366292000	2268490.0000000000
2016-06-15 12:47:39,830	ec26	68.0664901733	2266480.0000000000
2016-06-15 12:47:40,813	ec26	69.0493931770	2264980.0000000000
2016-06-15 12:47:41,802	ec26	70.0392720699	2263860.0000000000
2016-06-15 12:47:42,806	ec26	71.0431840420	2262400.0000000000
2016-06-15 12:47:43,801	ec26	72.0380570889	2261890.0000000000
2016-06-15 12:47:44,827	ec26	73.0638341904	2260370.0000000000
2016-06-15 12:47:45,806	ec26	74.0428299904	2259580.0000000000
2016-06-15 12:47:46,804	ec26	75.0407290459	2258260.0000000000
2016-06-15 12:47:47,800	ec26	76.0366840363	2255420.0000000000
2016-06-15 12:47:48,803	ec26	77.0395531654	2253510.0000000000
2016-06-15 12:47:49,801	ec26	78.0376169682	2252360.0000000000
2016-06-15 12:47:50,838	ec26	79.0744171143	2250400.0000000000
2016-06-15 12:47:51,820	ec26	80.0572571754	2249310.0000000000
2016-06-15 12:47:52,804	ec26	81.0412280560	2249310.0000000000
2016-06-15 12:47:53,804	ec26	82.0411291122	2247880.0000000000
2016-06-15 12:47:54,801	ec26	83.0381331444	2247580.0000000000
2016-06-15 12:47:55,803	ec26	84.0400090218	2247050.0000000000
2016-06-15 12:47:56,818	ec26	85.0549101830	2246250.0000000000
2016-06-15 12:47:57,802	ec26	86.0389060974	2245320.0000000000
2016-06-15 12:47:58,807	ec26	87.0437550545	2244570.0000000000
2016-06-15 12:47:59,801	ec26	88.0376391411	2244080.0000000000
2016-06-15 12:48:00,805	ec26	89.0416271687	2244030.0000000000
2016-06-15 12:48:01,802	ec26	90.0384349823	2243050.0000000000
2016-06-15 12:48:02,829	ec26	91.0662009716	2242140.0000000000
2016-06-15 12:48:03,812	ec26	92.0493090153	2241220.0000000000
2016-06-15 12:48:04,803	ec26	93.0402021408	2240230.0000000000
2016-06-15 12:48:05,800	ec26	94.0370571613	2239290.0000000000
2016-06-15 12:48:06,801	ec26	95.0379691124	2238400.0000000000
2016-06-15 12:48:07,827	ec26	96.0637860298	2238370.0000000000
2016-06-15 12:48:08,807	ec26	97.0437309742	2238220.0000000000
2016-06-15 12:48:09,805	ec26	98.0416660309	2237850.0000000000
2016-06-15 12:48:10,800	ec26	99.0366070271	2237380.0000000000
2016-06-15 12:48:11,803	ec26	100.0396051407	2236520.0000000000
2016-06-15 12:48:12,802	ec26	101.0384070873	2236050.0000000000
2016-06-15 12:48:13,838	ec26	102.0752441883	2235960.0000000000
2016-06-15 12:48:14,822	ec26	103.0591330528	2235790.0000000000
2016-06-15 12:48:15,804	ec26	104.0410799980	2235640.0000000000
2016-06-15 12:48:16,805	ec26	105.0419101715	2235330.0000000000
2016-06-15 12:48:17,800	ec26	106.0368070602	2235850.0000000000
2016-06-15 12:48:18,804	ec26	107.0407311916	2233330.0000000000
2016-06-15 12:48:19,815	ec26	108.0516281128	2236020.0000000000
2016-06-15 12:48:20,803	ec26	109.0394780636	2235430.0000000000
2016-06-15 12:48:21,807	ec26	110.0434560776	2236050.0000000000
2016-06-15 12:48:22,801	ec26	111.0374250412	2236510.0000000000
2016-06-15 12:48:23,805	ec26	112.0422899723	2235770.0000000000
2016-06-15 12:48:24,800	ec26	113.0372610092	2236160.0000000000
2016-06-15 12:48:25,830	ec26	114.0671319962	2236460.0000000000
2016-06-15 12:48:26,813	ec26	115.0501101017	2235720.0000000000
2016-06-15 12:48:27,802	ec26	116.0390341282	2235010.0000000000
2016-06-15 12:48:28,801	ec26	117.0379080772	2234250.0000000000
2016-06-15 12:48:29,801	ec26	118.0378131866	2233800.0000000000
2016-06-15 12:48:30,824	ec26	119.0603950024	2233240.0000000000
2016-06-15 12:48:31,807	ec26	120.0435841084	2232710.0000000000
2016-06-15 12:48:32,805	ec26	121.0414350033	2232450.0000000000
2016-06-15 12:48:33,800	ec26	122.0373451710	2232790.0000000000
2016-06-15 12:48:34,803	ec26	123.0402591228	2232930.0000000000
2016-06-15 12:48:35,800	ec26	124.0371580124	2232590.0000000000
2016-06-15 12:48:36,838	ec26	125.0750331879	2232380.0000000000
2016-06-15 12:48:37,822	ec26	126.0589821339	2232700.0000000000
2016-06-15 12:48:38,804	ec26	127.0408921242	2232700.0000000000
2016-06-15 12:48:39,805	ec26	128.0418381691	2232380.0000000000
2016-06-15 12:48:40,800	ec26	129.0367701054	2232250.0000000000
2016-06-15 12:48:41,804	ec26	130.0405969620	2231880.0000000000
2016-06-15 12:48:42,819	ec26	131.0554530621	2231730.0000000000
2016-06-15 12:48:43,803	ec26	132.0393600464	2231490.0000000000
2016-06-15 12:48:44,800	ec26	133.0372610092	2231390.0000000000
2016-06-15 12:48:45,801	ec26	134.0381419659	2231130.0000000000
2016-06-15 12:48:46,806	ec26	135.0430881977	2231010.0000000000
2016-06-15 12:48:47,801	ec26	136.0379271507	2230840.0000000000
2016-06-15 12:48:48,830	ec26	137.0668590069	2230440.0000000000
2016-06-15 12:48:49,813	ec26	138.0498230457	2230880.0000000000
2016-06-15 12:48:50,803	ec26	139.0396261215	2230410.0000000000
2016-06-15 12:48:51,800	ec26	140.0366861820	2230320.0000000000
2016-06-15 12:48:52,802	ec26	141.0386121273	2229660.0000000000
2016-06-15 12:48:53,828	ec26	142.0644350052	2228440.0000000000
2016-06-15 12:48:54,806	ec26	143.0433540344	2228460.0000000000
2016-06-15 12:48:55,805	ec26	144.0422251225	2228590.0000000000
2016-06-15 12:48:56,800	ec26	145.0372359753	2228340.0000000000
2016-06-15 12:48:57,804	ec26	146.0411121845	2228190.0000000000
2016-06-15 12:48:58,800	ec26	147.0370199680	2228110.0000000000
2016-06-15 12:48:59,839	ec26	148.0757620335	2228070.0000000000
2016-06-15 12:49:00,822	ec26	149.0587630272	2228390.0000000000
2016-06-15 12:49:01,805	ec26	150.0416049957	2228130.0000000000
2016-06-15 12:49:02,806	ec26	151.0425951481	2227970.0000000000
2016-06-15 12:49:03,801	ec26	152.0374040604	2227900.0000000000
2016-06-15 12:49:04,805	ec26	153.0414390564	2227840.0000000000
2016-06-15 12:49:05,815	ec26	154.0523071289	2227780.0000000000
2016-06-15 12:49:06,802	ec26	155.0391921997	2227760.0000000000
2016-06-15 12:49:07,800	ec26	156.0370700359	2228120.0000000000
2016-06-15 12:49:08,801	ec26	157.0381021500	2228120.0000000000
2016-06-15 12:49:09,806	ec26	158.0429899693	2227560.0000000000
2016-06-15 12:49:10,801	ec26	159.0377531052	2227130.0000000000
2016-06-15 12:49:11,831	ec26	160.0678369999	2227360.0000000000
2016-06-15 12:49:12,814	ec26	161.0507740974	2228220.0000000000
2016-06-15 12:49:13,803	ec26	162.0397591591	2228540.0000000000
2016-06-15 12:49:14,800	ec26	163.0365741253	2228950.0000000000
2016-06-15 12:49:15,802	ec26	164.0384650230	2228980.0000000000
2016-06-15 12:49:16,828	ec26	165.0652890205	2229070.0000000000
2016-06-15 12:49:17,807	ec26	166.0442380905	2228640.0000000000
2016-06-15 12:49:18,805	ec26	167.0421640873	2228800.0000000000
2016-06-15 12:49:19,801	ec26	168.0381281376	2228180.0000000000
2016-06-15 12:49:20,804	ec26	169.0408060551	2227360.0000000000
2016-06-15 12:49:21,800	ec26	170.0368061066	2227170.0000000000
2016-06-15 12:49:22,840	ec26	171.0767681599	2227440.0000000000
2016-06-15 12:49:23,822	ec26	172.0586149693	2227960.0000000000
2016-06-15 12:49:24,805	ec26	173.0416481495	2228530.0000000000
2016-06-15 12:49:25,806	ec26	174.0426130295	2227820.0000000000
2016-06-15 12:49:26,801	ec26	175.0373640060	2227820.0000000000
2016-06-15 12:49:27,805	ec26	176.0413889885	2227190.0000000000
2016-06-15 12:49:28,816	ec26	177.0532071590	2226850.0000000000
2016-06-15 12:49:29,803	ec26	178.0402691364	2226210.0000000000
2016-06-15 12:49:30,801	ec26	179.0381331444	2224960.0000000000
2016-06-15 12:49:31,802	ec26	180.0390391350	2224770.0000000000
2016-06-15 12:49:32,807	ec26	181.0438690186	2227200.0000000000
2016-06-15 12:49:33,801	ec26	182.0376009941	2229180.0000000000
2016-06-15 12:49:34,832	ec26	183.0685281754	2227770.0000000000
2016-06-15 12:49:35,814	ec26	184.0504851341	2227980.0000000000
2016-06-15 12:49:36,804	ec26	185.0404269695	2227700.0000000000
2016-06-15 12:49:37,800	ec26	186.0373420715	2227560.0000000000
2016-06-15 12:49:38,802	ec26	187.0392639637	2227220.0000000000
2016-06-15 12:49:39,800	ec26	188.0371160507	2227210.0000000000
2016-06-15 12:49:40,807	ec26	189.0439531803	2226210.0000000000
2016-06-15 12:49:41,806	ec26	190.0428941250	2225390.0000000000
2016-06-15 12:49:42,800	ec26	191.0366880894	2226070.0000000000
2016-06-15 12:49:43,804	ec26	192.0407161713	2226630.0000000000
2016-06-15 12:49:44,800	ec26	193.0366740227	2226110.0000000000
2016-06-15 12:49:45,840	ec26	194.0765051842	2226300.0000000000
2016-06-15 12:49:46,823	ec26	195.0596051216	2226460.0000000000
2016-06-15 12:49:47,806	ec26	196.0424191952	2226500.0000000000
2016-06-15 12:49:48,807	ec26	197.0433700085	2226770.0000000000
2016-06-15 12:49:49,800	ec26	198.0372262001	2226630.0000000000
2016-06-15 12:49:50,805	ec26	199.0421941280	2226390.0000000000
2016-06-15 12:49:51,816	ec26	200.0531420708	2226420.0000000000
2016-06-15 12:49:52,803	ec26	201.0400719643	2225370.0000000000
2016-06-15 12:49:53,800	ec26	202.0368521214	2227680.0000000000
2016-06-15 12:49:54,802	ec26	203.0389420986	2227730.0000000000
2016-06-15 12:49:55,800	ec26	204.0368399620	2226550.0000000000
2016-06-15 12:49:56,801	ec26	205.0378520489	2226410.0000000000
2016-06-15 12:49:57,832	ec26	206.0686161518	2227320.0000000000
2016-06-15 12:49:58,815	ec26	207.0515191555	2227520.0000000000
2016-06-15 12:49:59,803	ec26	208.0403461456	2226800.0000000000
2016-06-15 12:50:00,800	ec26	209.0373430252	2226920.0000000000
2016-06-15 12:50:01,802	ec26	210.0391910076	2227060.0000000000
2016-06-15 12:50:02,800	ec26	211.0370910168	2227340.0000000000
2016-06-15 12:50:03,808	ec26	212.0449919701	2227650.0000000000
2016-06-15 12:50:04,806	ec26	213.0429251194	2226910.0000000000
2016-06-15 12:50:05,800	ec26	214.0368440151	2225650.0000000000
2016-06-15 12:50:06,805	ec26	215.0416991711	2225630.0000000000
2016-06-15 12:50:07,800	ec26	216.0366690159	2225270.0000000000
2016-06-15 12:50:08,841	ec26	217.0776410103	2225730.0000000000
2016-06-15 12:50:09,824	ec26	218.0604581833	2226830.0000000000
2016-06-15 12:50:10,808	ec26	219.0444941521	2226830.0000000000
2016-06-15 12:50:11,806	ec26	220.0432090759	2226280.0000000000
2016-06-15 12:50:12,800	ec26	221.0372681618	2226080.0000000000
2016-06-15 12:50:13,805	ec26	222.0421690941	2227130.0000000000
2016-06-15 12:50:14,816	ec26	223.0531201363	2226580.0000000000
2016-06-15 12:50:15,804	ec26	224.0410451889	2227200.0000000000
2016-06-15 12:50:16,801	ec26	225.0379960537	2227400.0000000000
2016-06-15 12:50:17,803	ec26	226.0398111343	2227040.0000000000
2016-06-15 12:50:18,801	ec26	227.0377330780	2227070.0000000000
2016-06-15 12:50:19,802	ec26	228.0386710167	2225990.0000000000
2016-06-15 12:50:20,832	ec26	229.0685241222	2225300.0000000000
2016-06-15 12:50:21,815	ec26	230.0514481068	2224960.0000000000
2016-06-15 12:50:22,804	ec26	231.0412759781	2224910.0000000000
2016-06-15 12:50:23,801	ec26	232.0381731987	2224880.0000000000
2016-06-15 12:50:24,803	ec26	233.0401060581	2225240.0000000000
2016-06-15 12:50:25,801	ec26	234.0379531384	2225220.0000000000
2016-06-15 12:50:26,808	ec26	235.0448701382	2225290.0000000000
2016-06-15 12:50:27,806	ec26	236.0428130627	2225100.0000000000
2016-06-15 12:50:28,800	ec26	237.0367581844	2224860.0000000000
2016-06-15 12:50:29,805	ec26	238.0415639877	2225140.0000000000
2016-06-15 12:50:30,801	ec26	239.0376009941	2225160.0000000000
2016-06-15 12:50:31,841	ec26	240.0774481297	2225030.0000000000
2016-06-15 12:50:32,824	ec26	241.0603930950	2224920.0000000000
2016-06-15 12:50:33,806	ec26	242.0432550907	2225060.0000000000
2016-06-15 12:50:34,801	ec26	243.0382041931	2225220.0000000000
2016-06-15 12:50:35,801	ec26	244.0381581783	2225110.0000000000
2016-06-15 12:50:36,806	ec26	245.0430459976	2225130.0000000000
2016-06-15 12:50:37,817	ec26	246.0538749695	2225700.0000000000
2016-06-15 12:50:38,804	ec26	247.0408329964	2225870.0000000000
2016-06-15 12:50:39,800	ec26	248.0367531776	2225520.0000000000
2016-06-15 12:50:40,803	ec26	249.0396041870	2225550.0000000000
2016-06-15 12:50:41,801	ec26	250.0376751423	2225450.0000000000
2016-06-15 12:50:42,802	ec26	251.0386240482	2225750.0000000000
2016-06-15 12:50:43,833	ec26	252.0693790913	2225440.0000000000
2016-06-15 12:50:44,816	ec26	253.0523560047	2225080.0000000000
2016-06-15 12:50:45,804	ec26	254.0412220955	2225000.0000000000
2016-06-15 12:50:46,800	ec26	255.0371220112	2225050.0000000000
2016-06-15 12:50:47,803	ec26	256.0400409698	2225540.0000000000
2016-06-15 12:50:48,800	ec26	257.0369961262	2225290.0000000000
2016-06-15 12:50:49,812	ec26	258.0488221645	2225620.0000000000
2016-06-15 12:50:50,800	ec26	259.0366401672	2224980.0000000000
2016-06-15 12:50:51,801	ec26	260.0377240181	2226230.0000000000
2016-06-15 12:50:52,805	ec26	261.0417151451	2226390.0000000000
2016-06-15 12:50:53,800	ec26	262.0366220474	2226000.0000000000
2016-06-15 12:50:54,842	ec26	263.0784411430	2226400.0000000000
2016-06-15 12:50:55,824	ec26	264.0604491234	2226220.0000000000
2016-06-15 12:50:56,807	ec26	265.0442910194	2225970.0000000000
2016-06-15 12:50:57,800	ec26	266.0372970104	2225680.0000000000
2016-06-15 12:50:58,801	ec26	267.0382051468	2226040.0000000000
2016-06-15 12:50:59,806	ec26	268.0430979729	2226120.0000000000
2016-06-15 12:51:00,817	ec26	269.0540239811	2226120.0000000000
2016-06-15 12:51:01,804	ec26	270.0409731865	2225730.0000000000
2016-06-15 12:51:02,801	ec26	271.0379450321	2225870.0000000000
2016-06-15 12:51:03,803	ec26	272.0398221016	2225860.0000000000
2016-06-15 12:51:04,801	ec26	273.0376939774	2225810.0000000000
2016-06-15 12:51:05,803	ec26	274.0396239758	2225640.0000000000
2016-06-15 12:51:06,833	ec26	275.0695121288	2225350.0000000000
2016-06-15 12:51:07,815	ec26	276.0522069931	2225020.0000000000
2016-06-15 12:51:08,805	ec26	277.0423281193	2224810.0000000000
2016-06-15 12:51:09,800	ec26	278.0372760296	2224370.0000000000
2016-06-15 12:51:10,803	ec26	279.0401489735	2224740.0000000000
2016-06-15 12:51:11,800	ec26	280.0370481014	2225030.0000000000
2016-06-15 12:51:12,809	ec26	281.0459811687	2224960.0000000000
2016-06-15 12:51:13,800	ec26	282.0368261337	2224510.0000000000
2016-06-15 12:51:14,801	ec26	283.0377290249	2224780.0000000000
2016-06-15 12:51:15,806	ec26	284.0426511765	2224670.0000000000
2016-06-15 12:51:16,800	ec26	285.0364940166	2224370.0000000000
2016-06-15 12:51:17,841	ec26	286.0783441067	2224400.0000000000
2016-06-15 12:51:18,824	ec26	287.0612461567	2224000.0000000000
2016-06-15 12:51:19,807	ec26	288.0442171097	2224420.0000000000
2016-06-15 12:51:20,800	ec26	289.0371739864	2224690.0000000000
2016-06-15 12:51:21,801	ec26	290.0381569862	2225060.0000000000
2016-06-15 12:51:22,807	ec26	291.0440621376	2225200.0000000000
2016-06-15 12:51:23,818	ec26	292.0550529957	2225300.0000000000
2016-06-15 12:51:24,805	ec26	293.0419790745	2225070.0000000000
2016-06-15 12:51:25,800	ec26	294.0368611813	2225460.0000000000
2016-06-15 12:51:26,804	ec26	295.0407521725	2225670.0000000000
2016-06-15 12:51:27,800	ec26	296.0366761684	2225480.0000000000
2016-06-15 12:51:28,803	ec26	297.0396280289	2225580.0000000000
2016-06-15 12:51:29,833	ec26	298.0694241524	2225590.0000000000
2016-06-15 12:51:30,817	ec26	299.0533771515	2225350.0000000000
2016-06-15 12:51:31,805	ec26	300.0421769619	2225370.0000000000
2016-06-15 12:51:32,800	ec26	301.0370421410	2225330.0000000000
2016-06-15 12:51:33,804	ec26	302.0409581661	2225000.0000000000
2016-06-15 12:51:34,800	ec26	303.0369021893	2224470.0000000000
2016-06-15 12:51:35,809	ec26	304.0458021164	2223960.0000000000
2016-06-15 12:51:36,800	ec26	305.0366799831	2224210.0000000000
2016-06-15 12:51:37,802	ec26	306.0385110378	2224750.0000000000
2016-06-15 12:51:38,806	ec26	307.0423760414	2225020.0000000000
2016-06-15 12:51:39,800	ec26	308.0373280048	2225040.0000000000
2016-06-15 12:51:40,842	ec26	309.0791261196	2224960.0000000000
2016-06-15 12:51:41,824	ec26	310.0610980988	2224880.0000000000
2016-06-15 12:51:42,808	ec26	311.0449931622	2224810.0000000000
2016-06-15 12:51:43,800	ec26	312.0369791985	2224690.0000000000
2016-06-15 12:51:44,802	ec26	313.0388531685	2224310.0000000000
2016-06-15 12:51:45,800	ec26	314.0367121696	2224270.0000000000
2016-06-15 12:51:46,818	ec26	315.0547111034	2224480.0000000000
2016-06-15 12:51:47,805	ec26	316.0415251255	2224510.0000000000
2016-06-15 12:51:48,801	ec26	317.0373950005	2224340.0000000000
2016-06-15 12:51:49,804	ec26	318.0404541492	2224430.0000000000
2016-06-15 12:51:50,802	ec26	319.0383591652	2224520.0000000000
2016-06-15 12:51:51,803	ec26	320.0400841236	2224340.0000000000
2016-06-15 12:51:52,833	ec26	321.0699579716	2224020.0000000000
2016-06-15 12:51:53,816	ec26	322.0528001785	2223970.0000000000
2016-06-15 12:51:54,806	ec26	323.0428810120	2224240.0000000000
2016-06-15 12:51:55,800	ec26	324.0367770195	2224360.0000000000
2016-06-15 12:51:56,805	ec26	325.0417320728	2224210.0000000000
2016-06-15 12:51:57,800	ec26	326.0365650654	2224110.0000000000
2016-06-15 12:51:58,810	ec26	327.0466270447	2224180.0000000000
2016-06-15 12:51:59,800	ec26	328.0364789963	2224160.0000000000
2016-06-15 12:52:00,801	ec26	329.0382740498	2224110.0000000000
2016-06-15 12:52:01,806	ec26	330.0431790352	2224340.0000000000
2016-06-15 12:52:02,800	ec26	331.0371041298	2224350.0000000000
2016-06-15 12:52:03,842	ec26	332.0790300369	2224370.0000000000
2016-06-15 12:52:04,825	ec26	333.0617790222	2224420.0000000000
2016-06-15 12:52:05,808	ec26	334.0448040962	2224390.0000000000
2016-06-15 12:52:06,800	ec26	335.0367810726	2224290.0000000000
2016-06-15 12:52:07,802	ec26	336.0387361050	2224400.0000000000
2016-06-15 12:52:08,800	ec26	337.0367300510	2224260.0000000000
2016-06-15 12:52:09,819	ec26	338.0556299686	2224200.0000000000
2016-06-15 12:52:10,806	ec26	339.0424911976	2224200.0000000000
2016-06-15 12:52:11,800	ec26	340.0372970104	2224080.0000000000
2016-06-15 12:52:12,804	ec26	341.0413041115	2223670.0000000000
2016-06-15 12:52:13,800	ec26	342.0370910168	2223110.0000000000
2016-06-15 12:52:14,803	ec26	343.0401201248	2223190.0000000000
2016-06-15 12:52:15,833	ec26	344.0700340271	2223480.0000000000
2016-06-15 12:52:16,817	ec26	345.0538921356	2223370.0000000000
2016-06-15 12:52:17,806	ec26	346.0427570343	2223550.0000000000
2016-06-15 12:52:18,800	ec26	347.0366241932	2223990.0000000000
2016-06-15 12:52:19,805	ec26	348.0417010784	2224230.0000000000
2016-06-15 12:52:20,800	ec26	349.0365331173	2224370.0000000000
2016-06-15 12:52:21,811	ec26	350.0473740101	2224540.0000000000
2016-06-15 12:52:22,800	ec26	351.0373060703	2224750.0000000000
2016-06-15 12:52:23,802	ec26	352.0392801762	2224800.0000000000
2016-06-15 12:52:24,806	ec26	353.0431461334	2224770.0000000000
2016-06-15 12:52:25,800	ec26	354.0371580124	2224770.0000000000
2016-06-15 12:52:26,843	ec26	355.0800311565	2224850.0000000000
2016-06-15 12:52:27,825	ec26	356.0618741512	2224840.0000000000
2016-06-15 12:52:28,809	ec26	357.0457851887	2224920.0000000000
2016-06-15 12:52:29,800	ec26	358.0366179943	2224880.0000000000
2016-06-15 12:52:30,803	ec26	359.0396070480	2224740.0000000000
2016-06-15 12:52:31,801	ec26	360.0376529694	2224720.0000000000
2016-06-15 12:52:32,819	ec26	361.0554389954	2224530.0000000000
2016-06-15 12:52:33,805	ec26	362.0423350334	2224490.0000000000
2016-06-15 12:52:34,800	ec26	363.0371351242	2224160.0000000000
2016-06-15 12:52:35,804	ec26	364.0411891937	2224480.0000000000
2016-06-15 12:52:36,800	ec26	365.0370821953	2224330.0000000000
2016-06-15 12:52:37,804	ec26	366.0409350395	2224030.0000000000
2016-06-15 12:52:38,834	ec26	367.0708730221	2223970.0000000000
2016-06-15 12:52:39,817	ec26	368.0538129807	2223810.0000000000
2016-06-15 12:52:40,801	ec26	369.0376920700	2223600.0000000000
2016-06-15 12:52:41,801	ec26	370.0376529694	2223810.0000000000
2016-06-15 12:52:42,806	ec26	371.0424110889	2223930.0000000000
2016-06-15 12:52:43,800	ec26	372.0373070240	2223810.0000000000
2016-06-15 12:52:44,810	ec26	373.0472021103	2223730.0000000000
2016-06-15 12:52:45,800	ec26	374.0370821953	2223990.0000000000
2016-06-15 12:52:46,802	ec26	375.0390150547	2223650.0000000000
2016-06-15 12:52:47,800	ec26	376.0369310379	2223650.0000000000
2016-06-15 12:52:48,801	ec26	377.0378589630	2223430.0000000000
2016-06-15 12:52:49,843	ec26	378.0797080994	2222730.0000000000
2016-06-15 12:52:50,826	ec26	379.0627090931	2222390.0000000000
2016-06-15 12:52:51,809	ec26	380.0456151962	2223280.0000000000
2016-06-15 12:52:52,801	ec26	381.0376319885	2224970.0000000000
2016-06-15 12:52:53,804	ec26	382.0404610634	2223840.0000000000
2016-06-15 12:52:54,800	ec26	383.0373091698	2223890.0000000000
2016-06-15 12:52:55,819	ec26	384.0561599731	2224280.0000000000
2016-06-15 12:52:56,806	ec26	385.0430111885	2224550.0000000000
2016-06-15 12:52:57,800	ec26	386.0368340015	2224600.0000000000
2016-06-15 12:52:58,805	ec26	387.0418300629	2224420.0000000000
2016-06-15 12:52:59,800	ec26	388.0368859768	2224300.0000000000
2016-06-15 12:53:00,804	ec26	389.0407741070	2224490.0000000000
2016-06-15 12:53:01,834	ec26	390.0706381798	2224420.0000000000
2016-06-15 12:53:02,818	ec26	391.0545060635	2224200.0000000000
2016-06-15 12:53:03,800	ec26	392.0373029709	2224260.0000000000
2016-06-15 12:53:04,801	ec26	393.0383121967	2224580.0000000000
2016-06-15 12:53:05,805	ec26	394.0421631336	2224560.0000000000
2016-06-15 12:53:06,800	ec26	395.0370540619	2224630.0000000000
2016-06-15 12:53:07,811	ec26	396.0480241776	2224610.0000000000
2016-06-15 12:53:08,800	ec26	397.0369601250	2224460.0000000000
2016-06-15 12:53:09,803	ec26	398.0398349762	2224410.0000000000
2016-06-15 12:53:10,800	ec26	399.0367870331	2223970.0000000000
2016-06-15 12:53:11,802	ec26	400.0386490822	2223950.0000000000
2016-06-15 12:53:12,844	ec26	401.0805220604	2224000.0000000000
2016-06-15 12:53:13,827	ec26	402.0634241104	2223920.0000000000
2016-06-15 12:53:14,809	ec26	403.0463511944	2223800.0000000000
2016-06-15 12:53:15,800	ec26	404.0372869968	2224450.0000000000
2016-06-15 12:53:16,803	ec26	405.0401890278	2224290.0000000000
2016-06-15 12:53:17,800	ec26	406.0369830132	2224000.0000000000
2016-06-15 12:53:18,819	ec26	407.0559871197	2224480.0000000000
2016-06-15 12:53:19,802	ec26	408.0388121605	2224290.0000000000
2016-06-15 12:53:20,801	ec26	409.0376901627	2224500.0000000000
2016-06-15 12:53:21,806	ec26	410.0426151752	2224410.0000000000
2016-06-15 12:53:22,801	ec26	411.0376169682	2224600.0000000000
2016-06-15 12:53:23,805	ec26	412.0414400101	2225000.0000000000
2016-06-15 12:53:24,834	ec26	413.0713369846	2224780.0000000000
2016-06-15 12:53:25,817	ec26	414.0542919636	2224740.0000000000
2016-06-15 12:53:26,801	ec26	415.0381710529	2224790.0000000000
2016-06-15 12:53:27,801	ec26	416.0381731987	2224340.0000000000
2016-06-15 12:53:28,806	ec26	417.0430190563	2224380.0000000000
2016-06-15 12:53:29,800	ec26	418.0369119644	2224110.0000000000
2016-06-15 12:53:30,811	ec26	419.0478441715	2224460.0000000000
2016-06-15 12:53:31,800	ec26	420.0367400646	2224360.0000000000
2016-06-15 12:53:32,803	ec26	421.0396070480	2224430.0000000000
2016-06-15 12:53:33,801	ec26	422.0376350880	2224500.0000000000
2016-06-15 12:53:34,802	ec26	423.0386281013	2224430.0000000000
2016-06-15 12:53:35,844	ec26	424.0803630352	2224010.0000000000
2016-06-15 12:53:36,826	ec26	425.0632991791	2223910.0000000000
2016-06-15 12:53:37,809	ec26	426.0462419987	2223860.0000000000
2016-06-15 12:53:38,800	ec26	427.0372881889	2223750.0000000000
2016-06-15 12:53:39,803	ec26	428.0401639938	2223640.0000000000
2016-06-15 12:53:40,800	ec26	429.0370891094	2223630.0000000000
2016-06-15 12:53:41,820	ec26	430.0569920540	2223460.0000000000
2016-06-15 12:53:42,803	ec26	431.0398631096	2223350.0000000000
2016-06-15 12:53:43,801	ec26	432.0377690792	2223420.0000000000
2016-06-15 12:53:44,806	ec26	433.0426380634	2223520.0000000000
2016-06-15 12:53:45,801	ec26	434.0373811722	2223560.0000000000
2016-06-15 12:53:46,805	ec26	435.0422370434	2223630.0000000000
2016-06-15 12:53:47,834	ec26	436.0713150501	2223710.0000000000
2016-06-15 12:53:48,818	ec26	437.0552160740	2223730.0000000000
2016-06-15 12:53:49,800	ec26	438.0371401310	2223580.0000000000
2016-06-15 12:53:50,801	ec26	439.0380740166	2223580.0000000000
2016-06-15 12:53:51,806	ec26	440.0429069996	2223580.0000000000
2016-06-15 12:53:52,800	ec26	441.0367581844	2223450.0000000000
2016-06-15 12:53:53,812	ec26	442.0487160683	2223230.0000000000
2016-06-15 12:53:54,800	ec26	443.0365021229	2223190.0000000000
2016-06-15 12:53:55,804	ec26	444.0406041145	2223270.0000000000
2016-06-15 12:53:56,801	ec26	445.0375390053	2223420.0000000000
2016-06-15 12:53:57,802	ec26	446.0385301113	2223430.0000000000
2016-06-15 12:53:58,845	ec26	447.0813891888	2223640.0000000000
2016-06-15 12:53:59,826	ec26	448.0633411407	2223780.0000000000
2016-06-15 12:54:00,809	ec26	449.0463440418	2223900.0000000000
2016-06-15 12:54:01,800	ec26	450.0371081829	2223920.0000000000
2016-06-15 12:54:02,804	ec26	451.0410051346	2223840.0000000000
2016-06-15 12:54:03,800	ec26	452.0369911194	2224020.0000000000
2016-06-15 12:54:04,820	ec26	453.0568990707	2223800.0000000000
2016-06-15 12:54:05,803	ec26	454.0398161411	2224010.0000000000
2016-06-15 12:54:06,801	ec26	455.0377340317	2224050.0000000000
2016-06-15 12:54:07,806	ec26	456.0425860882	2224030.0000000000
2016-06-15 12:54:08,801	ec26	457.0376660824	2223880.0000000000
2016-06-15 12:54:09,805	ec26	458.0416631699	2223790.0000000000
2016-06-15 12:54:10,835	ec26	459.0723621845	2223630.0000000000
2016-06-15 12:54:11,819	ec26	460.0553460121	2223590.0000000000
2016-06-15 12:54:12,802	ec26	461.0383870602	2223640.0000000000
2016-06-15 12:54:13,801	ec26	462.0382740498	2223610.0000000000
2016-06-15 12:54:14,806	ec26	463.0431220531	2223620.0000000000
2016-06-15 12:54:15,801	ec26	464.0379931927	2223600.0000000000
2016-06-15 12:54:16,812	ec26	465.0488941669	2223610.0000000000
2016-06-15 12:54:17,801	ec26	466.0378201008	2223620.0000000000
2016-06-15 12:54:18,804	ec26	467.0407969952	2223740.0000000000
2016-06-15 12:54:19,800	ec26	468.0366220474	2223810.0000000000
2016-06-15 12:54:20,803	ec26	469.0396029949	2223710.0000000000
2016-06-15 12:54:21,844	ec26	470.0804669857	2223650.0000000000
2016-06-15 12:54:22,827	ec26	471.0642931461	2223680.0000000000
2016-06-15 12:54:23,809	ec26	472.0463202000	2223920.0000000000
2016-06-15 12:54:24,800	ec26	473.0372171402	2223920.0000000000
2016-06-15 12:54:25,804	ec26	474.0410959721	2223930.0000000000
2016-06-15 12:54:26,801	ec26	475.0379450321	2223930.0000000000
2016-06-15 12:54:27,821	ec26	476.0578970909	2223900.0000000000
2016-06-15 12:54:28,804	ec26	477.0407030582	2224000.0000000000
2016-06-15 12:54:29,802	ec26	478.0386350155	2223920.0000000000
2016-06-15 12:54:30,800	ec26	479.0365259647	2223570.0000000000
2016-06-15 12:54:31,801	ec26	480.0374181271	2223710.0000000000
2016-06-15 12:54:32,805	ec26	481.0422940254	2223800.0000000000
2016-06-15 12:54:33,835	ec26	482.0721900463	2223770.0000000000
2016-06-15 12:54:34,819	ec26	483.0560510159	2223790.0000000000
2016-06-15 12:54:35,801	ec26	484.0380451679	2223710.0000000000
2016-06-15 12:54:36,802	ec26	485.0389840603	2223620.0000000000
2016-06-15 12:54:37,801	ec26	486.0378761292	2223720.0000000000
2016-06-15 12:54:38,801	ec26	487.0378091335	2223680.0000000000
2016-06-15 12:54:39,816	ec26	488.0527141094	2223690.0000000000
2016-06-15 12:54:40,800	ec26	489.0366129875	2223670.0000000000
2016-06-15 12:54:41,804	ec26	490.0404720306	2223670.0000000000
2016-06-15 12:54:42,800	ec26	491.0373439789	2223730.0000000000
2016-06-15 12:54:43,802	ec26	492.0392701626	2223890.0000000000
2016-06-15 12:54:44,800	ec26	493.0370581150	2223870.0000000000
2016-06-15 12:54:45,827	ec26	494.0640931129	2223810.0000000000
2016-06-15 12:54:46,810	ec26	495.0470190048	2224130.0000000000
2016-06-15 12:54:47,800	ec26	496.0368390083	2224220.0000000000
2016-06-15 12:54:48,805	ec26	497.0417101383	2224300.0000000000
2016-06-15 12:54:49,800	ec26	498.0366771221	2224270.0000000000
2016-06-15 12:54:50,821	ec26	499.0575611591	2224250.0000000000
2016-06-15 12:54:51,804	ec26	500.0404720306	2224140.0000000000
2016-06-15 12:54:52,801	ec26	501.0383150578	2224060.0000000000
2016-06-15 12:54:53,807	ec26	502.0433471203	2223960.0000000000
2016-06-15 12:54:54,800	ec26	503.0372231007	2223820.0000000000
2016-06-15 12:54:55,806	ec26	504.0431191921	2223680.0000000000
2016-06-15 12:54:56,836	ec26	505.0730431080	2223520.0000000000
2016-06-15 12:54:57,819	ec26	506.0558381081	2223380.0000000000
2016-06-15 12:54:58,801	ec26	507.0378999710	2223310.0000000000
2016-06-15 12:54:59,802	ec26	508.0388500690	2223380.0000000000
2016-06-15 12:55:00,800	ec26	509.0368070602	2223860.0000000000
2016-06-15 12:55:01,802	ec26	510.0386831760	2223760.0000000000
2016-06-15 12:55:02,813	ec26	511.0496561527	2223640.0000000000
2016-06-15 12:55:03,801	ec26	512.0374209881	2223550.0000000000
2016-06-15 12:55:04,804	ec26	513.0412859917	2223540.0000000000
2016-06-15 12:55:05,800	ec26	514.0371961594	2223540.0000000000
2016-06-15 12:55:06,803	ec26	515.0400719643	2223520.0000000000
2016-06-15 12:55:07,800	ec26	516.0370051861	2223510.0000000000
2016-06-15 12:55:08,828	ec26	517.0649011135	2223480.0000000000
2016-06-15 12:55:09,810	ec26	518.0467970371	2223510.0000000000
2016-06-15 12:55:10,800	ec26	519.0366451740	2223510.0000000000
2016-06-15 12:55:11,805	ec26	520.0416691303	2223320.0000000000
2016-06-15 12:55:12,800	ec26	521.0364301205	2223280.0000000000
2016-06-15 12:55:13,822	ec26	522.0584011078	2223240.0000000000
2016-06-15 12:55:14,804	ec26	523.0413341522	2223050.0000000000
2016-06-15 12:55:15,802	ec26	524.0391480923	2223070.0000000000
2016-06-15 12:55:16,800	ec26	525.0369420052	2223720.0000000000
2016-06-15 12:55:17,801	ec26	526.0378181934	2223700.0000000000
2016-06-15 12:55:18,806	ec26	527.0428249836	2223520.0000000000
2016-06-15 12:55:19,837	ec26	528.0736610889	2223440.0000000000
2016-06-15 12:55:20,820	ec26	529.0565161705	2223400.0000000000
2016-06-15 12:55:21,802	ec26	530.0383989811	2223400.0000000000
2016-06-15 12:55:22,802	ec26	531.0392851830	2223400.0000000000
2016-06-15 12:55:23,800	ec26	532.0372979641	2223410.0000000000
2016-06-15 12:55:24,801	ec26	533.0382781029	2223460.0000000000
2016-06-15 12:55:25,813	ec26	534.0499939919	2223370.0000000000
2016-06-15 12:55:26,800	ec26	535.0370001793	2223310.0000000000
2016-06-15 12:55:27,805	ec26	536.0419020653	2223350.0000000000
2016-06-15 12:55:28,800	ec26	537.0368089676	2223380.0000000000
2016-06-15 12:55:29,804	ec26	538.0407490730	2223380.0000000000
2016-06-15 12:55:30,800	ec26	539.0366339684	2223350.0000000000
2016-06-15 12:55:31,827	ec26	540.0643320084	2223480.0000000000
2016-06-15 12:55:32,812	ec26	541.0483930111	2223500.0000000000
2016-06-15 12:55:33,800	ec26	542.0373010635	2223500.0000000000
