Enter a label: 2015-11-06 13:55:53,880	ag02	0.0397419930	2907480.0000000000
2015-11-06 13:55:54,877	ag02	1.0367708206	2907320.0000000000
2015-11-06 13:55:55,879	ag02	2.0387969017	2907370.0000000000
2015-11-06 13:55:56,877	ag02	3.0367658138	2906730.0000000000
2015-11-06 13:55:57,878	ag02	4.0378119946	2906560.0000000000
2015-11-06 13:55:58,908	ag02	5.0676460266	2904210.0000000000
2015-11-06 13:55:59,891	ag02	6.0508728027	2907610.0000000000
2015-11-06 13:56:00,881	ag02	7.0409109592	2905720.0000000000
2015-11-06 13:56:01,877	ag02	8.0369789600	2904750.0000000000
2015-11-06 13:56:02,879	ag02	9.0390458107	2904970.0000000000
2015-11-06 13:56:03,878	ag02	10.0380628109	2905010.0000000000
2015-11-06 13:56:04,885	ag02	11.0450339317	2906710.0000000000
2015-11-06 13:56:05,882	ag02	12.0420110226	2905640.0000000000
2015-11-06 13:56:06,877	ag02	13.0370008945	2906640.0000000000
2015-11-06 13:56:07,881	ag02	14.0411038399	2906080.0000000000
2015-11-06 13:56:08,877	ag02	15.0371129513	2906120.0000000000
2015-11-06 13:56:09,917	ag02	16.0771658421	2907210.0000000000
2015-11-06 13:56:10,899	ag02	17.0591359138	2907190.0000000000
2015-11-06 13:56:11,882	ag02	18.0422308445	2906730.0000000000
2015-11-06 13:56:12,884	ag02	19.0433449745	2906370.0000000000
2015-11-06 13:56:13,878	ag02	20.0382938385	2906100.0000000000
2015-11-06 13:56:14,882	ag02	21.0422809124	2905770.0000000000
2015-11-06 13:56:15,894	ag02	22.0533478260	2905130.0000000000
2015-11-06 13:56:16,881	ag02	23.0403089523	2906040.0000000000
2015-11-06 13:56:17,878	ag02	24.0373129845	2906250.0000000000
2015-11-06 13:56:18,879	ag02	25.0392420292	2906780.0000000000
2015-11-06 13:56:19,883	ag02	26.0432558060	2906940.0000000000
2015-11-06 13:56:20,879	ag02	27.0383038521	2905830.0000000000
2015-11-06 13:56:21,908	ag02	28.0681929588	2905180.0000000000
2015-11-06 13:56:22,891	ag02	29.0511770248	2904920.0000000000
2015-11-06 13:56:23,881	ag02	30.0412428379	2905140.0000000000
2015-11-06 13:56:24,877	ag02	31.0372788906	2905450.0000000000
2015-11-06 13:56:25,879	ag02	32.0392928123	2905350.0000000000
2015-11-06 13:56:26,878	ag02	33.0373589993	2904160.0000000000
2015-11-06 13:56:27,885	ag02	34.0443999767	2904430.0000000000
2015-11-06 13:56:28,883	ag02	35.0424289703	2904780.0000000000
2015-11-06 13:56:29,878	ag02	36.0373740196	2905120.0000000000
2015-11-06 13:56:30,882	ag02	37.0413489342	2905050.0000000000
2015-11-06 13:56:31,878	ag02	38.0374379158	2904610.0000000000
2015-11-06 13:56:32,917	ag02	39.0763590336	2904840.0000000000
2015-11-06 13:56:33,900	ag02	40.0593688488	2905260.0000000000
2015-11-06 13:56:34,883	ag02	41.0423898697	2905150.0000000000
2015-11-06 13:56:35,884	ag02	42.0434818268	2905210.0000000000
2015-11-06 13:56:36,878	ag02	43.0375998020	2905490.0000000000
2015-11-06 13:56:37,883	ag02	44.0425310135	2905610.0000000000
2015-11-06 13:56:38,894	ag02	45.0536339283	2905360.0000000000
2015-11-06 13:56:39,881	ag02	46.0405459404	2904910.0000000000
2015-11-06 13:56:40,878	ag02	47.0376620293	2905640.0000000000
2015-11-06 13:56:41,880	ag02	48.0395669937	2905120.0000000000
2015-11-06 13:56:42,884	ag02	49.0436739922	2906690.0000000000
2015-11-06 13:56:43,879	ag02	50.0385918617	2906150.0000000000
2015-11-06 13:56:44,909	ag02	51.0685019493	2905390.0000000000
2015-11-06 13:56:45,892	ag02	52.0514459610	2904190.0000000000
2015-11-06 13:56:46,882	ag02	53.0416188240	2906140.0000000000
2015-11-06 13:56:47,878	ag02	54.0374879837	2906120.0000000000
2015-11-06 13:56:48,880	ag02	55.0394759178	2904900.0000000000
2015-11-06 13:56:49,879	ag02	56.0384390354	2904100.0000000000
2015-11-06 13:56:50,889	ag02	57.0485019684	2903720.0000000000
2015-11-06 13:56:51,884	ag02	58.0435078144	2902680.0000000000
2015-11-06 13:56:52,878	ag02	59.0375800133	2902900.0000000000
2015-11-06 13:56:53,882	ag02	60.0415229797	2903240.0000000000
2015-11-06 13:56:54,878	ag02	61.0375068188	2905190.0000000000
2015-11-06 13:56:55,918	ag02	62.0774528980	2905100.0000000000
2015-11-06 13:56:56,901	ag02	63.0605518818	2902950.0000000000
2015-11-06 13:56:57,883	ag02	64.0425918102	2904200.0000000000
2015-11-06 13:56:58,884	ag02	65.0436708927	2901260.0000000000
2015-11-06 13:56:59,878	ag02	66.0376548767	2901840.0000000000
2015-11-06 13:57:00,883	ag02	67.0426619053	2901380.0000000000
2015-11-06 13:57:01,894	ag02	68.0536398888	2900830.0000000000
2015-11-06 13:57:02,881	ag02	69.0406179428	2901580.0000000000
2015-11-06 13:57:03,878	ag02	70.0377519131	2901050.0000000000
2015-11-06 13:57:04,880	ag02	71.0398340225	2900390.0000000000
2015-11-06 13:57:05,877	ag02	72.0367789268	2899510.0000000000
2015-11-06 13:57:06,879	ag02	73.0388610363	2898490.0000000000
2015-11-06 13:57:07,909	ag02	74.0688068867	2899800.0000000000
2015-11-06 13:57:08,892	ag02	75.0517559052	2901450.0000000000
2015-11-06 13:57:09,882	ag02	76.0417568684	2898750.0000000000
2015-11-06 13:57:10,877	ag02	77.0367248058	2899100.0000000000
2015-11-06 13:57:11,880	ag02	78.0397248268	2900440.0000000000
2015-11-06 13:57:12,877	ag02	79.0367479324	2899200.0000000000
2015-11-06 13:57:13,886	ag02	80.0457808971	2898820.0000000000
2015-11-06 13:57:14,877	ag02	81.0368289948	2897790.0000000000
2015-11-06 13:57:15,877	ag02	82.0369319916	2896770.0000000000
2015-11-06 13:57:16,882	ag02	83.0419628620	2896930.0000000000
2015-11-06 13:57:17,877	ag02	84.0369589329	2896830.0000000000
2015-11-06 13:57:18,918	ag02	85.0779340267	2896760.0000000000
2015-11-06 13:57:19,900	ag02	86.0600419044	2896620.0000000000
2015-11-06 13:57:20,883	ag02	87.0431048870	2896780.0000000000
2015-11-06 13:57:21,877	ag02	88.0372710228	2896940.0000000000
2015-11-06 13:57:22,878	ag02	89.0382509232	2896980.0000000000
2015-11-06 13:57:23,883	ag02	90.0432569981	2896870.0000000000
2015-11-06 13:57:24,894	ag02	91.0541980267	2896920.0000000000
2015-11-06 13:57:25,881	ag02	92.0412039757	2896610.0000000000
2015-11-06 13:57:26,877	ag02	93.0372409821	2896450.0000000000
2015-11-06 13:57:27,880	ag02	94.0402269363	2896280.0000000000
2015-11-06 13:57:28,877	ag02	95.0372428894	2896080.0000000000
2015-11-06 13:57:29,879	ag02	96.0391519070	2896130.0000000000
2015-11-06 13:57:30,909	ag02	97.0690460205	2896220.0000000000
2015-11-06 13:57:31,892	ag02	98.0521659851	2896180.0000000000
2015-11-06 13:57:32,882	ag02	99.0421788692	2896070.0000000000
2015-11-06 13:57:33,877	ag02	100.0372099876	2895850.0000000000
2015-11-06 13:57:34,880	ag02	101.0401728153	2895830.0000000000
2015-11-06 13:57:35,877	ag02	102.0372688770	2895780.0000000000
2015-11-06 13:57:36,886	ag02	103.0462679863	2896230.0000000000
2015-11-06 13:57:37,878	ag02	104.0382509232	2896150.0000000000
2015-11-06 13:57:38,878	ag02	105.0373649597	2895780.0000000000
2015-11-06 13:57:39,883	ag02	106.0423948765	2895480.0000000000
2015-11-06 13:57:40,878	ag02	107.0375099182	2895170.0000000000
2015-11-06 13:57:41,919	ag02	108.0784108639	2894970.0000000000
2015-11-06 13:57:42,901	ag02	109.0604698658	2894970.0000000000
2015-11-06 13:57:43,884	ag02	110.0433728695	2895550.0000000000
2015-11-06 13:57:44,878	ag02	111.0375268459	2895500.0000000000
2015-11-06 13:57:45,878	ag02	112.0375378132	2895000.0000000000
2015-11-06 13:57:46,884	ag02	113.0435278416	2894780.0000000000
2015-11-06 13:57:47,895	ag02	114.0544860363	2894590.0000000000
2015-11-06 13:57:48,882	ag02	115.0415380001	2894610.0000000000
2015-11-06 13:57:49,878	ag02	116.0377159119	2894580.0000000000
2015-11-06 13:57:50,880	ag02	117.0395698547	2894520.0000000000
2015-11-06 13:57:51,878	ag02	118.0376868248	2894610.0000000000
2015-11-06 13:57:52,880	ag02	119.0396969318	2894970.0000000000
2015-11-06 13:57:53,910	ag02	120.0696988106	2894790.0000000000
2015-11-06 13:57:54,892	ag02	121.0517508984	2895360.0000000000
2015-11-06 13:57:55,882	ag02	122.0418210030	2894320.0000000000
2015-11-06 13:57:56,877	ag02	123.0369129181	2894180.0000000000
2015-11-06 13:57:57,881	ag02	124.0409109592	2894320.0000000000
2015-11-06 13:57:58,877	ag02	125.0368440151	2894620.0000000000
2015-11-06 13:57:59,886	ag02	126.0460639000	2894580.0000000000
2015-11-06 13:58:00,877	ag02	127.0370168686	2894280.0000000000
2015-11-06 13:58:01,878	ag02	128.0380439758	2894090.0000000000
2015-11-06 13:58:02,882	ag02	129.0420718193	2894060.0000000000
2015-11-06 13:58:03,877	ag02	130.0371549129	2894400.0000000000
2015-11-06 13:58:04,918	ag02	131.0781259537	2893990.0000000000
2015-11-06 13:58:05,901	ag02	132.0611720085	2894210.0000000000
2015-11-06 13:58:06,884	ag02	133.0441498756	2894610.0000000000
2015-11-06 13:58:07,877	ag02	134.0372099876	2894880.0000000000
2015-11-06 13:58:08,878	ag02	135.0382318497	2894580.0000000000
2015-11-06 13:58:09,884	ag02	136.0442628860	2894460.0000000000
2015-11-06 13:58:10,894	ag02	137.0542728901	2894250.0000000000
2015-11-06 13:58:11,882	ag02	138.0413408279	2894080.0000000000
2015-11-06 13:58:12,878	ag02	139.0373189449	2894310.0000000000
2015-11-06 13:58:13,881	ag02	140.0403118134	2894540.0000000000
2015-11-06 13:58:14,878	ag02	141.0373239517	2895060.0000000000
2015-11-06 13:58:15,879	ag02	142.0392990112	2895070.0000000000
2015-11-06 13:58:16,909	ag02	143.0692839622	2895040.0000000000
2015-11-06 13:58:17,893	ag02	144.0523178577	2895090.0000000000
2015-11-06 13:58:18,883	ag02	145.0423099995	2894690.0000000000
2015-11-06 13:58:19,877	ag02	146.0372779369	2895260.0000000000
2015-11-06 13:58:20,881	ag02	147.0412800312	2897330.0000000000
2015-11-06 13:58:21,877	ag02	148.0372769833	2896410.0000000000
2015-11-06 13:58:22,886	ag02	149.0462830067	2896840.0000000000
2015-11-06 13:58:23,879	ag02	150.0383889675	2898050.0000000000
2015-11-06 13:58:24,879	ag02	151.0383858681	2896450.0000000000
2015-11-06 13:58:25,883	ag02	152.0423870087	2896020.0000000000
2015-11-06 13:58:26,878	ag02	153.0374009609	2895810.0000000000
2015-11-06 13:58:27,919	ag02	154.0783808231	2899820.0000000000
2015-11-06 13:58:28,902	ag02	155.0613930225	2898130.0000000000
2015-11-06 13:58:29,885	ag02	156.0443739891	2897600.0000000000
2015-11-06 13:58:30,878	ag02	157.0373978615	2895930.0000000000
2015-11-06 13:58:31,879	ag02	158.0383958817	2894230.0000000000
2015-11-06 13:58:32,884	ag02	159.0434789658	2894850.0000000000
2015-11-06 13:58:33,896	ag02	160.0554540157	2895510.0000000000
2015-11-06 13:58:34,882	ag02	161.0415530205	2896130.0000000000
2015-11-06 13:58:35,878	ag02	162.0375978947	2895650.0000000000
2015-11-06 13:58:36,881	ag02	163.0405948162	2895550.0000000000
2015-11-06 13:58:37,878	ag02	164.0376389027	2895740.0000000000
2015-11-06 13:58:38,880	ag02	165.0397000313	2896100.0000000000
2015-11-06 13:58:39,910	ag02	166.0695948601	2895510.0000000000
2015-11-06 13:58:40,893	ag02	167.0527219772	2895280.0000000000
2015-11-06 13:58:41,883	ag02	168.0427038670	2894750.0000000000
2015-11-06 13:58:42,877	ag02	169.0366208553	2894370.0000000000
2015-11-06 13:58:43,881	ag02	170.0407078266	2893980.0000000000
2015-11-06 13:58:44,878	ag02	171.0377159119	2894040.0000000000
2015-11-06 13:58:45,887	ag02	172.0467598438	2894330.0000000000
2015-11-06 13:58:46,877	ag02	173.0368139744	2894690.0000000000
2015-11-06 13:58:47,879	ag02	174.0388808250	2895000.0000000000
2015-11-06 13:58:48,884	ag02	175.0439038277	2894700.0000000000
2015-11-06 13:58:49,877	ag02	176.0369238853	2894490.0000000000
2015-11-06 13:58:50,919	ag02	177.0788979530	2894590.0000000000
2015-11-06 13:58:51,902	ag02	178.0619199276	2894620.0000000000
2015-11-06 13:58:52,885	ag02	179.0448629856	2894810.0000000000
2015-11-06 13:58:53,877	ag02	180.0368168354	2894580.0000000000
2015-11-06 13:58:54,879	ag02	181.0388569832	2893830.0000000000
2015-11-06 13:58:55,877	ag02	182.0368719101	2894370.0000000000
2015-11-06 13:58:56,899	ag02	183.0588438511	2894640.0000000000
2015-11-06 13:58:57,883	ag02	184.0429279804	2894620.0000000000
2015-11-06 13:58:58,877	ag02	185.0368969440	2894600.0000000000
2015-11-06 13:58:59,881	ag02	186.0408608913	2894820.0000000000
2015-11-06 13:59:00,877	ag02	187.0369298458	2894900.0000000000
2015-11-06 13:59:01,880	ag02	188.0399749279	2894440.0000000000
2015-11-06 13:59:02,910	ag02	189.0699529648	2894110.0000000000
2015-11-06 13:59:03,893	ag02	190.0530009270	2893650.0000000000
2015-11-06 13:59:04,883	ag02	191.0429999828	2893430.0000000000
2015-11-06 13:59:05,877	ag02	192.0370569229	2893340.0000000000
2015-11-06 13:59:06,881	ag02	193.0411088467	2893080.0000000000
2015-11-06 13:59:07,877	ag02	194.0371339321	2892970.0000000000
2015-11-06 13:59:08,887	ag02	195.0470600128	2892930.0000000000
2015-11-06 13:59:09,877	ag02	196.0370128155	2892760.0000000000
2015-11-06 13:59:10,879	ag02	197.0390589237	2892870.0000000000
2015-11-06 13:59:11,883	ag02	198.0430278778	2892680.0000000000
2015-11-06 13:59:12,878	ag02	199.0380859375	2892570.0000000000
2015-11-06 13:59:13,919	ag02	200.0790648460	2892620.0000000000
2015-11-06 13:59:14,902	ag02	201.0620069504	2892830.0000000000
2015-11-06 13:59:15,885	ag02	202.0450699329	2892440.0000000000
2015-11-06 13:59:16,877	ag02	203.0371630192	2892450.0000000000
2015-11-06 13:59:17,879	ag02	204.0392429829	2892430.0000000000
2015-11-06 13:59:18,877	ag02	205.0372138023	2892750.0000000000
2015-11-06 13:59:19,895	ag02	206.0552268028	2892810.0000000000
2015-11-06 13:59:20,882	ag02	207.0422179699	2892640.0000000000
2015-11-06 13:59:21,877	ag02	208.0372159481	2892670.0000000000
2015-11-06 13:59:22,881	ag02	209.0412099361	2892680.0000000000
2015-11-06 13:59:23,877	ag02	210.0372409821	2892750.0000000000
2015-11-06 13:59:24,881	ag02	211.0402898788	2892660.0000000000
2015-11-06 13:59:25,911	ag02	212.0703539848	2892650.0000000000
2015-11-06 13:59:26,894	ag02	213.0533390045	2893050.0000000000
2015-11-06 13:59:27,884	ag02	214.0434420109	2893130.0000000000
2015-11-06 13:59:28,878	ag02	215.0374388695	2892870.0000000000
2015-11-06 13:59:29,882	ag02	216.0414018631	2893050.0000000000
2015-11-06 13:59:30,878	ag02	217.0374419689	2892640.0000000000
2015-11-06 13:59:31,888	ag02	218.0473928452	2892520.0000000000
2015-11-06 13:59:32,878	ag02	219.0374498367	2893710.0000000000
2015-11-06 13:59:33,879	ag02	220.0384960175	2893960.0000000000
2015-11-06 13:59:34,884	ag02	221.0433909893	2892860.0000000000
2015-11-06 13:59:35,878	ag02	222.0375518799	2892380.0000000000
2015-11-06 13:59:36,920	ag02	223.0795698166	2891150.0000000000
2015-11-06 13:59:37,902	ag02	224.0616028309	2891410.0000000000
2015-11-06 13:59:38,885	ag02	225.0446288586	2892370.0000000000
2015-11-06 13:59:39,878	ag02	226.0376398563	2891580.0000000000
2015-11-06 13:59:40,880	ag02	227.0397379398	2892530.0000000000
2015-11-06 13:59:41,877	ag02	228.0367779732	2892920.0000000000
2015-11-06 13:59:42,896	ag02	229.0558059216	2892700.0000000000
2015-11-06 13:59:43,883	ag02	230.0428209305	2892370.0000000000
2015-11-06 13:59:44,877	ag02	231.0368499756	2891890.0000000000
2015-11-06 13:59:45,882	ag02	232.0418968201	2891660.0000000000
2015-11-06 13:59:46,877	ag02	233.0369210243	2891300.0000000000
2015-11-06 13:59:47,881	ag02	234.0409588814	2891440.0000000000
2015-11-06 13:59:48,911	ag02	235.0708999634	2891580.0000000000
2015-11-06 13:59:49,894	ag02	236.0539758205	2891070.0000000000
2015-11-06 13:59:50,877	ag02	237.0370259285	2890240.0000000000
2015-11-06 13:59:51,877	ag02	238.0370228291	2890250.0000000000
2015-11-06 13:59:52,882	ag02	239.0420520306	2889910.0000000000
2015-11-06 13:59:53,877	ag02	240.0371599197	2892990.0000000000
2015-11-06 13:59:54,887	ag02	241.0471780300	2892680.0000000000
2015-11-06 13:59:55,877	ag02	242.0372638702	2891690.0000000000
2015-11-06 13:59:56,880	ag02	243.0393159389	2892280.0000000000
2015-11-06 13:59:57,879	ag02	244.0383269787	2893120.0000000000
2015-11-06 13:59:58,879	ag02	245.0384209156	2892080.0000000000
2015-11-06 13:59:59,920	ag02	246.0802788734	2891710.0000000000
2015-11-06 14:00:00,903	ag02	247.0624089241	2891110.0000000000
2015-11-06 14:00:01,886	ag02	248.0455079079	2891330.0000000000
2015-11-06 14:00:02,878	ag02	249.0376319885	2890760.0000000000
2015-11-06 14:00:03,880	ag02	250.0395758152	2890640.0000000000
2015-11-06 14:00:04,878	ag02	251.0377728939	2890750.0000000000
2015-11-06 14:00:05,896	ag02	252.0558288097	2891140.0000000000
2015-11-06 14:00:06,879	ag02	253.0388739109	2891290.0000000000
2015-11-06 14:00:07,877	ag02	254.0369279385	2891100.0000000000
2015-11-06 14:00:08,882	ag02	255.0420010090	2891140.0000000000
2015-11-06 14:00:09,877	ag02	256.0370068550	2891190.0000000000
2015-11-06 14:00:10,881	ag02	257.0410168171	2890990.0000000000
2015-11-06 14:00:11,911	ag02	258.0709760189	2890870.0000000000
2015-11-06 14:00:12,894	ag02	259.0539798737	2890920.0000000000
2015-11-06 14:00:13,877	ag02	260.0370519161	2890780.0000000000
2015-11-06 14:00:14,877	ag02	261.0370559692	2890920.0000000000
2015-11-06 14:00:15,882	ag02	262.0421578884	2890980.0000000000
2015-11-06 14:00:16,877	ag02	263.0371129513	2891000.0000000000
2015-11-06 14:00:17,888	ag02	264.0481359959	2890800.0000000000
2015-11-06 14:00:18,877	ag02	265.0371618271	2890520.0000000000
2015-11-06 14:00:19,879	ag02	266.0392229557	2890310.0000000000
2015-11-06 14:00:20,877	ag02	267.0370829105	2890100.0000000000
2015-11-06 14:00:21,878	ag02	268.0381460190	2889860.0000000000
2015-11-06 14:00:22,920	ag02	269.0801208019	2889890.0000000000
2015-11-06 14:00:23,903	ag02	270.0630848408	2890270.0000000000
2015-11-06 14:00:24,886	ag02	271.0461399555	2890740.0000000000
2015-11-06 14:00:25,877	ag02	272.0371608734	2891030.0000000000
2015-11-06 14:00:26,880	ag02	273.0401899815	2891120.0000000000
2015-11-06 14:00:27,877	ag02	274.0372090340	2891140.0000000000
2015-11-06 14:00:28,896	ag02	275.0562889576	2890990.0000000000
2015-11-06 14:00:29,884	ag02	276.0433168411	2891210.0000000000
2015-11-06 14:00:30,877	ag02	277.0372898579	2890770.0000000000
2015-11-06 14:00:31,882	ag02	278.0422818661	2890590.0000000000
2015-11-06 14:00:32,877	ag02	279.0372908115	2891170.0000000000
2015-11-06 14:00:33,882	ag02	280.0413229465	2891130.0000000000
2015-11-06 14:00:34,911	ag02	281.0712928772	2890700.0000000000
2015-11-06 14:00:35,894	ag02	282.0542769432	2890400.0000000000
2015-11-06 14:00:36,877	ag02	283.0372478962	2889990.0000000000
2015-11-06 14:00:37,879	ag02	284.0383069515	2889660.0000000000
2015-11-06 14:00:38,883	ag02	285.0423479080	2889910.0000000000
2015-11-06 14:00:39,878	ag02	286.0373318195	2889770.0000000000
2015-11-06 14:00:40,892	ag02	287.0513739586	2889880.0000000000
2015-11-06 14:00:41,878	ag02	288.0373418331	2889780.0000000000
2015-11-06 14:00:42,880	ag02	289.0392968655	2890020.0000000000
2015-11-06 14:00:43,878	ag02	290.0372979641	2890310.0000000000
2015-11-06 14:00:44,878	ag02	291.0382599831	2890470.0000000000
2015-11-06 14:00:45,920	ag02	292.0801258087	2890430.0000000000
2015-11-06 14:00:46,903	ag02	293.0632929802	2890320.0000000000
2015-11-06 14:00:47,887	ag02	294.0463709831	2890160.0000000000
2015-11-06 14:00:48,877	ag02	295.0371508598	2889990.0000000000
2015-11-06 14:00:49,881	ag02	296.0403289795	2889780.0000000000
2015-11-06 14:00:50,878	ag02	297.0374248028	2889580.0000000000
2015-11-06 14:00:51,897	ag02	298.0564908981	2889510.0000000000
2015-11-06 14:00:52,884	ag02	299.0434749126	2889480.0000000000
2015-11-06 14:00:53,878	ag02	300.0376319885	2889470.0000000000
2015-11-06 14:00:54,883	ag02	301.0426340103	2889360.0000000000
2015-11-06 14:00:55,878	ag02	302.0376279354	2889580.0000000000
2015-11-06 14:00:56,882	ag02	303.0417189598	2889440.0000000000
2015-11-06 14:00:57,912	ag02	304.0717158318	2889410.0000000000
2015-11-06 14:00:58,895	ag02	305.0547378063	2889590.0000000000
2015-11-06 14:00:59,878	ag02	306.0378508568	2889910.0000000000
2015-11-06 14:01:00,878	ag02	307.0377948284	2890200.0000000000
2015-11-06 14:01:01,883	ag02	308.0427508354	2890360.0000000000
2015-11-06 14:01:02,877	ag02	309.0368518829	2890350.0000000000
2015-11-06 14:01:03,889	ag02	310.0487928391	2890330.0000000000
2015-11-06 14:01:04,877	ag02	311.0368378162	2890130.0000000000
2015-11-06 14:01:05,880	ag02	312.0398368835	2889830.0000000000
2015-11-06 14:01:06,877	ag02	313.0368278027	2889620.0000000000
2015-11-06 14:01:07,879	ag02	314.0389049053	2889630.0000000000
2015-11-06 14:01:08,877	ag02	315.0369019508	2889850.0000000000
2015-11-06 14:01:09,903	ag02	316.0628600121	2887570.0000000000
2015-11-06 14:01:10,886	ag02	317.0458788872	2888010.0000000000
2015-11-06 14:01:11,877	ag02	318.0369570255	2888150.0000000000
2015-11-06 14:01:12,881	ag02	319.0409469604	2888890.0000000000
2015-11-06 14:01:13,877	ag02	320.0369288921	2889060.0000000000
2015-11-06 14:01:14,901	ag02	321.0609478951	2889260.0000000000
2015-11-06 14:01:15,880	ag02	322.0400578976	2889610.0000000000
2015-11-06 14:01:16,878	ag02	323.0380899906	2889050.0000000000
2015-11-06 14:01:17,883	ag02	324.0430958271	2888950.0000000000
2015-11-06 14:01:18,877	ag02	325.0371959209	2889110.0000000000
2015-11-06 14:01:19,882	ag02	326.0422308445	2889280.0000000000
2015-11-06 14:01:20,912	ag02	327.0721919537	2889160.0000000000
2015-11-06 14:01:21,896	ag02	328.0552968979	2889320.0000000000
2015-11-06 14:01:22,877	ag02	329.0372729301	2889200.0000000000
2015-11-06 14:01:23,879	ag02	330.0392758846	2889080.0000000000
2015-11-06 14:01:24,883	ag02	331.0432968140	2889100.0000000000
2015-11-06 14:01:25,878	ag02	332.0373499393	2888940.0000000000
2015-11-06 14:01:26,889	ag02	333.0483369827	2888820.0000000000
2015-11-06 14:01:27,878	ag02	334.0374038219	2888650.0000000000
2015-11-06 14:01:28,881	ag02	335.0403800011	2888590.0000000000
2015-11-06 14:01:29,878	ag02	336.0373449326	2888390.0000000000
2015-11-06 14:01:30,880	ag02	337.0394449234	2888260.0000000000
2015-11-06 14:01:31,879	ag02	338.0383498669	2888250.0000000000
2015-11-06 14:01:32,904	ag02	339.0633909702	2888180.0000000000
2015-11-06 14:01:33,887	ag02	340.0464558601	2888130.0000000000
2015-11-06 14:01:34,878	ag02	341.0374999046	2887970.0000000000
2015-11-06 14:01:35,881	ag02	342.0405318737	2887910.0000000000
2015-11-06 14:01:36,878	ag02	343.0375277996	2887620.0000000000
2015-11-06 14:01:37,898	ag02	344.0573618412	2887570.0000000000
2015-11-06 14:01:38,881	ag02	345.0403130054	2887370.0000000000
2015-11-06 14:01:39,879	ag02	346.0383789539	2887310.0000000000
2015-11-06 14:01:40,884	ag02	347.0434799194	2887270.0000000000
2015-11-06 14:01:41,878	ag02	348.0375678539	2887210.0000000000
2015-11-06 14:01:42,883	ag02	349.0425548553	2887070.0000000000
2015-11-06 14:01:43,913	ag02	350.0725259781	2886990.0000000000
2015-11-06 14:01:44,896	ag02	351.0556378365	2887040.0000000000
2015-11-06 14:01:45,878	ag02	352.0377488136	2887040.0000000000
2015-11-06 14:01:46,879	ag02	353.0387229919	2886970.0000000000
2015-11-06 14:01:47,877	ag02	354.0367448330	2886960.0000000000
2015-11-06 14:01:48,878	ag02	355.0377068520	2886950.0000000000
2015-11-06 14:01:49,889	ag02	356.0487289429	2886960.0000000000
2015-11-06 14:01:50,877	ag02	357.0366919041	2886960.0000000000
2015-11-06 14:01:51,881	ag02	358.0407619476	2886870.0000000000
2015-11-06 14:01:52,877	ag02	359.0368368626	2886720.0000000000
2015-11-06 14:01:53,880	ag02	360.0398979187	2886490.0000000000
2015-11-06 14:01:54,877	ag02	361.0368950367	2886440.0000000000
2015-11-06 14:01:55,904	ag02	362.0638628006	2886260.0000000000
2015-11-06 14:01:56,887	ag02	363.0468389988	2886230.0000000000
2015-11-06 14:01:57,877	ag02	364.0369338989	2886130.0000000000
2015-11-06 14:01:58,881	ag02	365.0409698486	2886040.0000000000
2015-11-06 14:01:59,877	ag02	366.0370078087	2885880.0000000000
2015-11-06 14:02:00,901	ag02	367.0609288216	2885700.0000000000
2015-11-06 14:02:01,884	ag02	368.0440490246	2885700.0000000000
2015-11-06 14:02:02,878	ag02	369.0380659103	2885580.0000000000
2015-11-06 14:02:03,883	ag02	370.0430669785	2885590.0000000000
2015-11-06 14:02:04,877	ag02	371.0370650291	2885320.0000000000
2015-11-06 14:02:05,882	ag02	372.0421409607	2885470.0000000000
2015-11-06 14:02:06,912	ag02	373.0721960068	2885470.0000000000
2015-11-06 14:02:07,895	ag02	374.0552978516	2885270.0000000000
2015-11-06 14:02:08,879	ag02	375.0383868217	2885270.0000000000
2015-11-06 14:02:09,880	ag02	376.0393648148	2885270.0000000000
2015-11-06 14:02:10,878	ag02	377.0373640060	2885260.0000000000
2015-11-06 14:02:11,879	ag02	378.0384650230	2885220.0000000000
2015-11-06 14:02:12,890	ag02	379.0493748188	2885160.0000000000
2015-11-06 14:02:13,878	ag02	380.0374999046	2885150.0000000000
2015-11-06 14:02:14,882	ag02	381.0415079594	2885090.0000000000
2015-11-06 14:02:15,878	ag02	382.0375089645	2885080.0000000000
2015-11-06 14:02:16,880	ag02	383.0395159721	2885080.0000000000
2015-11-06 14:02:17,878	ag02	384.0375859737	2885030.0000000000
2015-11-06 14:02:18,905	ag02	385.0646219254	2884930.0000000000
2015-11-06 14:02:19,888	ag02	386.0476388931	2884820.0000000000
2015-11-06 14:02:20,878	ag02	387.0377619267	2884710.0000000000
2015-11-06 14:02:21,882	ag02	388.0418088436	2884620.0000000000
2015-11-06 14:02:22,877	ag02	389.0369160175	2884550.0000000000
2015-11-06 14:02:23,901	ag02	390.0609638691	2884350.0000000000
2015-11-06 14:02:24,881	ag02	391.0410368443	2884190.0000000000
2015-11-06 14:02:25,879	ag02	392.0390939713	2883930.0000000000
2015-11-06 14:02:26,877	ag02	393.0370979309	2884140.0000000000
2015-11-06 14:02:27,877	ag02	394.0371220112	2883840.0000000000
2015-11-06 14:02:28,883	ag02	395.0431499481	2883870.0000000000
2015-11-06 14:02:29,913	ag02	396.0731809139	2883800.0000000000
2015-11-06 14:02:30,896	ag02	397.0562188625	2883850.0000000000
2015-11-06 14:02:31,878	ag02	398.0382928848	2883910.0000000000
2015-11-06 14:02:32,879	ag02	399.0392518044	2883910.0000000000
2015-11-06 14:02:33,877	ag02	400.0372519493	2883860.0000000000
2015-11-06 14:02:34,878	ag02	401.0382809639	2883850.0000000000
2015-11-06 14:02:35,889	ag02	402.0492398739	2883700.0000000000
2015-11-06 14:02:36,878	ag02	403.0373308659	2884020.0000000000
2015-11-06 14:02:37,882	ag02	404.0413429737	2883290.0000000000
2015-11-06 14:02:38,878	ag02	405.0373709202	2883590.0000000000
2015-11-06 14:02:39,881	ag02	406.0403459072	2883300.0000000000
2015-11-06 14:02:40,878	ag02	407.0374338627	2883110.0000000000
2015-11-06 14:02:41,905	ag02	408.0644199848	2883170.0000000000
2015-11-06 14:02:42,888	ag02	409.0474948883	2883250.0000000000
2015-11-06 14:02:43,878	ag02	410.0375759602	2883170.0000000000
2015-11-06 14:02:44,883	ag02	411.0425388813	2883150.0000000000
2015-11-06 14:02:45,878	ag02	412.0376498699	2882800.0000000000
2015-11-06 14:02:46,902	ag02	413.0616450310	2882530.0000000000
2015-11-06 14:02:47,881	ag02	414.0407278538	2882830.0000000000
2015-11-06 14:02:48,879	ag02	415.0387268066	2882950.0000000000
2015-11-06 14:02:49,877	ag02	416.0367958546	2882930.0000000000
2015-11-06 14:02:50,878	ag02	417.0377898216	2882870.0000000000
2015-11-06 14:02:51,883	ag02	418.0427699089	2882860.0000000000
2015-11-06 14:02:52,914	ag02	419.0737879276	2882820.0000000000
2015-11-06 14:02:53,896	ag02	420.0558400154	2882820.0000000000
2015-11-06 14:02:54,879	ag02	421.0388658047	2882830.0000000000
2015-11-06 14:02:55,880	ag02	422.0398898125	2882830.0000000000
2015-11-06 14:02:56,877	ag02	423.0368800163	2882760.0000000000
2015-11-06 14:02:57,879	ag02	424.0388348103	2882700.0000000000
2015-11-06 14:02:58,890	ag02	425.0499019623	2882660.0000000000
2015-11-06 14:02:59,877	ag02	426.0369329453	2882500.0000000000
2015-11-06 14:03:00,882	ag02	427.0419440269	2882450.0000000000
2015-11-06 14:03:01,877	ag02	428.0370059013	2882340.0000000000
2015-11-06 14:03:02,880	ag02	429.0400638580	2882230.0000000000
2015-11-06 14:03:03,877	ag02	430.0370759964	2882230.0000000000
2015-11-06 14:03:04,905	ag02	431.0650789738	2882210.0000000000
2015-11-06 14:03:05,887	ag02	432.0471549034	2882190.0000000000
2015-11-06 14:03:06,878	ag02	433.0381729603	2882190.0000000000
2015-11-06 14:03:07,882	ag02	434.0421500206	2882140.0000000000
2015-11-06 14:03:08,878	ag02	435.0381448269	2882130.0000000000
2015-11-06 14:03:09,899	ag02	436.0591919422	2882130.0000000000
2015-11-06 14:03:10,881	ag02	437.0412449837	2882040.0000000000
2015-11-06 14:03:11,879	ag02	438.0392320156	2882020.0000000000
2015-11-06 14:03:12,877	ag02	439.0372309685	2882020.0000000000
2015-11-06 14:03:13,878	ag02	440.0382788181	2881910.0000000000
2015-11-06 14:03:14,883	ag02	441.0432558060	2881830.0000000000
2015-11-06 14:03:15,913	ag02	442.0732319355	2881650.0000000000
2015-11-06 14:03:16,896	ag02	443.0560898781	2881550.0000000000
2015-11-06 14:03:17,879	ag02	444.0391519070	2881380.0000000000
2015-11-06 14:03:18,880	ag02	445.0402128696	2881310.0000000000
2015-11-06 14:03:19,877	ag02	446.0372648239	2881290.0000000000
2015-11-06 14:03:20,879	ag02	447.0392799377	2881200.0000000000
2015-11-06 14:03:21,891	ag02	448.0502908230	2881030.0000000000
2015-11-06 14:03:22,878	ag02	449.0373089314	2880940.0000000000
2015-11-06 14:03:23,883	ag02	450.0423350334	2881000.0000000000
2015-11-06 14:03:24,878	ag02	451.0373358727	2880930.0000000000
2015-11-06 14:03:25,881	ag02	452.0403118134	2881150.0000000000
2015-11-06 14:03:26,878	ag02	453.0373888016	2881050.0000000000
2015-11-06 14:03:27,906	ag02	454.0653908253	2880670.0000000000
2015-11-06 14:03:28,889	ag02	455.0483639240	2880560.0000000000
2015-11-06 14:03:29,878	ag02	456.0374200344	2880690.0000000000
2015-11-06 14:03:30,883	ag02	457.0424778461	2880550.0000000000
2015-11-06 14:03:31,878	ag02	458.0373699665	2880570.0000000000
2015-11-06 14:03:32,903	ag02	459.0623409748	2880550.0000000000
2015-11-06 14:03:33,882	ag02	460.0414500237	2880620.0000000000
2015-11-06 14:03:34,880	ag02	461.0395178795	2880660.0000000000
2015-11-06 14:03:35,878	ag02	462.0374469757	2880600.0000000000
2015-11-06 14:03:36,879	ag02	463.0385298729	2880550.0000000000
2015-11-06 14:03:37,884	ag02	464.0434148312	2880440.0000000000
2015-11-06 14:03:38,914	ag02	465.0735239983	2880350.0000000000
2015-11-06 14:03:39,897	ag02	466.0564849377	2880280.0000000000
2015-11-06 14:03:40,880	ag02	467.0395429134	2880270.0000000000
2015-11-06 14:03:41,881	ag02	468.0405969620	2880160.0000000000
2015-11-06 14:03:42,878	ag02	469.0376138687	2880160.0000000000
2015-11-06 14:03:43,880	ag02	470.0395979881	2880160.0000000000
2015-11-06 14:03:44,895	ag02	471.0545518398	2880140.0000000000
2015-11-06 14:03:45,878	ag02	472.0376508236	2880070.0000000000
2015-11-06 14:03:46,883	ag02	473.0427608490	2879980.0000000000
2015-11-06 14:03:47,877	ag02	474.0367288589	2879930.0000000000
2015-11-06 14:03:48,881	ag02	475.0407609940	2879750.0000000000
2015-11-06 14:03:49,877	ag02	476.0368258953	2879850.0000000000
2015-11-06 14:03:50,906	ag02	477.0657370090	2879890.0000000000
2015-11-06 14:03:51,889	ag02	478.0487658978	2879940.0000000000
2015-11-06 14:03:52,878	ag02	479.0377929211	2879590.0000000000
2015-11-06 14:03:53,883	ag02	480.0428459644	2879470.0000000000
2015-11-06 14:03:54,878	ag02	481.0378458500	2879450.0000000000
2015-11-06 14:03:55,903	ag02	482.0627529621	2879750.0000000000
2015-11-06 14:03:56,882	ag02	483.0417809486	2879870.0000000000
2015-11-06 14:03:57,880	ag02	484.0399789810	2879950.0000000000
2015-11-06 14:03:58,877	ag02	485.0370128155	2879840.0000000000
2015-11-06 14:03:59,879	ag02	486.0390768051	2879790.0000000000
2015-11-06 14:04:00,884	ag02	487.0441329479	2879690.0000000000
2015-11-06 14:04:01,914	ag02	488.0740509033	2879670.0000000000
2015-11-06 14:04:02,897	ag02	489.0570609570	2879580.0000000000
2015-11-06 14:04:03,880	ag02	490.0401220322	2879400.0000000000
2015-11-06 14:04:04,880	ag02	491.0401678085	2879190.0000000000
2015-11-06 14:04:05,877	ag02	492.0372409821	2879000.0000000000
2015-11-06 14:04:06,879	ag02	493.0392110348	2878650.0000000000
2015-11-06 14:04:07,894	ag02	494.0542218685	2878190.0000000000
2015-11-06 14:04:08,877	ag02	495.0372648239	2878020.0000000000
2015-11-06 14:04:09,882	ag02	496.0422499180	2878410.0000000000
2015-11-06 14:04:10,878	ag02	497.0373129845	2878710.0000000000
2015-11-06 14:04:11,882	ag02	498.0413730145	2878800.0000000000
2015-11-06 14:04:12,878	ag02	499.0374460220	2878810.0000000000
2015-11-06 14:04:13,906	ag02	500.0653769970	2879550.0000000000
2015-11-06 14:04:14,889	ag02	501.0484178066	2879590.0000000000
2015-11-06 14:04:15,879	ag02	502.0384860039	2879130.0000000000
2015-11-06 14:04:16,884	ag02	503.0435500145	2878760.0000000000
2015-11-06 14:04:17,878	ag02	504.0375590324	2878450.0000000000
2015-11-06 14:04:18,903	ag02	505.0625779629	2878310.0000000000
2015-11-06 14:04:19,883	ag02	506.0425419807	2877910.0000000000
2015-11-06 14:04:20,881	ag02	507.0406248569	2877950.0000000000
2015-11-06 14:04:21,878	ag02	508.0376298428	2878070.0000000000
2015-11-06 14:04:22,879	ag02	509.0387170315	2877880.0000000000
2015-11-06 14:04:23,885	ag02	510.0447850227	2877920.0000000000
2015-11-06 14:04:24,915	ag02	511.0748059750	2877940.0000000000
2015-11-06 14:04:25,897	ag02	512.0568668842	2877940.0000000000
2015-11-06 14:04:26,880	ag02	513.0398848057	2877610.0000000000
2015-11-06 14:04:27,881	ag02	514.0408439636	2877520.0000000000
2015-11-06 14:04:28,877	ag02	515.0369429588	2877300.0000000000
2015-11-06 14:04:29,880	ag02	516.0398609638	2877120.0000000000
2015-11-06 14:04:30,891	ag02	517.0509159565	2877020.0000000000
2015-11-06 14:04:31,878	ag02	518.0379259586	2876810.0000000000
2015-11-06 14:04:32,883	ag02	519.0429639816	2876800.0000000000
2015-11-06 14:04:33,877	ag02	520.0370240211	2876810.0000000000
2015-11-06 14:04:34,882	ag02	521.0420060158	2876800.0000000000
2015-11-06 14:04:35,878	ag02	522.0379009247	2876900.0000000000
2015-11-06 14:04:36,906	ag02	523.0659139156	2877140.0000000000
2015-11-06 14:04:37,889	ag02	524.0488739014	2877180.0000000000
2015-11-06 14:04:38,879	ag02	525.0389049053	2877050.0000000000
2015-11-06 14:04:39,877	ag02	526.0368998051	2876650.0000000000
2015-11-06 14:04:40,877	ag02	527.0369768143	2876490.0000000000
2015-11-06 14:04:41,903	ag02	528.0630078316	2876320.0000000000
2015-11-06 14:04:42,883	ag02	529.0429778099	2875970.0000000000
2015-11-06 14:04:43,881	ag02	530.0409748554	2875770.0000000000
2015-11-06 14:04:44,877	ag02	531.0370318890	2875630.0000000000
2015-11-06 14:04:45,879	ag02	532.0390520096	2875390.0000000000
2015-11-06 14:04:46,877	ag02	533.0371229649	2875250.0000000000
2015-11-06 14:04:47,915	ag02	534.0750668049	2875160.0000000000
2015-11-06 14:04:48,897	ag02	535.0571169853	2875210.0000000000
2015-11-06 14:04:49,881	ag02	536.0411729813	2875280.0000000000
2015-11-06 14:04:50,881	ag02	537.0411880016	2875080.0000000000
2015-11-06 14:04:51,877	ag02	538.0372788906	2874930.0000000000
2015-11-06 14:04:52,880	ag02	539.0402789116	2874960.0000000000
2015-11-06 14:04:53,892	ag02	540.0513169765	2874920.0000000000
2015-11-06 14:04:54,879	ag02	541.0383980274	2874870.0000000000
2015-11-06 14:04:55,884	ag02	542.0434329510	2874770.0000000000
2015-11-06 14:04:56,878	ag02	543.0374798775	2874550.0000000000
2015-11-06 14:04:57,882	ag02	544.0414118767	2874600.0000000000
2015-11-06 14:04:58,878	ag02	545.0374968052	2874640.0000000000
2015-11-06 14:04:59,907	ag02	546.0664808750	2874960.0000000000
2015-11-06 14:05:00,890	ag02	547.0495460033	2876610.0000000000
2015-11-06 14:05:01,879	ag02	548.0385420322	2876240.0000000000
2015-11-06 14:05:02,884	ag02	549.0435459614	2875450.0000000000
2015-11-06 14:05:03,878	ag02	550.0376629829	2875840.0000000000
2015-11-06 14:05:04,904	ag02	551.0636420250	2875760.0000000000
2015-11-06 14:05:05,883	ag02	552.0427520275	2875340.0000000000
2015-11-06 14:05:06,881	ag02	553.0407400131	2874810.0000000000
2015-11-06 14:05:07,878	ag02	554.0376608372	2874880.0000000000
2015-11-06 14:05:08,880	ag02	555.0397398472	2874550.0000000000
2015-11-06 14:05:09,877	ag02	556.0366408825	2874310.0000000000
2015-11-06 14:05:10,916	ag02	557.0755929947	2874310.0000000000
2015-11-06 14:05:11,898	ag02	558.0576179028	2874090.0000000000
2015-11-06 14:05:12,881	ag02	559.0407209396	2873990.0000000000
2015-11-06 14:05:13,882	ag02	560.0417518616	2873980.0000000000
2015-11-06 14:05:14,878	ag02	561.0378398895	2873810.0000000000
2015-11-06 14:05:15,881	ag02	562.0408499241	2873740.0000000000
2015-11-06 14:05:16,896	ag02	563.0556819439	2873530.0000000000
2015-11-06 14:05:17,879	ag02	564.0386140347	2873290.0000000000
2015-11-06 14:05:18,884	ag02	565.0438618660	2873210.0000000000
2015-11-06 14:05:19,877	ag02	566.0369439125	2873180.0000000000
2015-11-06 14:05:20,882	ag02	567.0419149399	2872910.0000000000
2015-11-06 14:05:21,877	ag02	568.0368928909	2873040.0000000000
2015-11-06 14:05:22,907	ag02	569.0669548512	2873110.0000000000
2015-11-06 14:05:23,889	ag02	570.0490128994	2873110.0000000000
2015-11-06 14:05:24,879	ag02	571.0390319824	2873130.0000000000
2015-11-06 14:05:25,877	ag02	572.0371398926	2872800.0000000000
2015-11-06 14:05:26,878	ag02	573.0380380154	2872440.0000000000
2015-11-06 14:05:27,904	ag02	574.0640599728	2872050.0000000000
2015-11-06 14:05:28,883	ag02	575.0430428982	2872210.0000000000
2015-11-06 14:05:29,881	ag02	576.0410928726	2871680.0000000000
2015-11-06 14:05:30,877	ag02	577.0371389389	2871630.0000000000
2015-11-06 14:05:31,880	ag02	578.0401530266	2871590.0000000000
2015-11-06 14:05:32,877	ag02	579.0371658802	2871720.0000000000
2015-11-06 14:05:33,915	ag02	580.0750768185	2871740.0000000000
2015-11-06 14:05:34,898	ag02	581.0581538677	2871710.0000000000
2015-11-06 14:05:35,881	ag02	582.0411658287	2871650.0000000000
2015-11-06 14:05:36,882	ag02	583.0421719551	2871510.0000000000
2015-11-06 14:05:37,877	ag02	584.0372388363	2871290.0000000000
2015-11-06 14:05:38,881	ag02	585.0412449837	2872940.0000000000
2015-11-06 14:05:39,892	ag02	586.0522358418	2872920.0000000000
2015-11-06 14:05:40,879	ag02	587.0392730236	2872550.0000000000
2015-11-06 14:05:41,878	ag02	588.0373468399	2872430.0000000000
2015-11-06 14:05:42,878	ag02	589.0373167992	2872430.0000000000
2015-11-06 14:05:43,883	ag02	590.0424048901	2872400.0000000000
2015-11-06 14:05:44,878	ag02	591.0373389721	2872150.0000000000
2015-11-06 14:05:45,907	ag02	592.0663440228	2872060.0000000000
2015-11-06 14:05:46,890	ag02	593.0494148731	2872020.0000000000
2015-11-06 14:05:47,880	ag02	594.0394399166	2871640.0000000000
2015-11-06 14:05:48,878	ag02	595.0374948978	2871890.0000000000
2015-11-06 14:05:49,879	ag02	596.0384750366	2871420.0000000000
2015-11-06 14:05:50,905	ag02	597.0644598007	2871640.0000000000
2015-11-06 14:05:51,884	ag02	598.0434699059	2871660.0000000000
2015-11-06 14:05:52,882	ag02	599.0414450169	2871630.0000000000
2015-11-06 14:05:53,878	ag02	600.0374288559	2871610.0000000000
2015-11-06 14:05:54,881	ag02	601.0404598713	2871560.0000000000
2015-11-06 14:05:55,878	ag02	602.0375339985	2871560.0000000000
2015-11-06 14:05:56,916	ag02	603.0754408836	2871410.0000000000
2015-11-06 14:05:57,899	ag02	604.0584859848	2871120.0000000000
2015-11-06 14:05:58,883	ag02	605.0425348282	2871130.0000000000
2015-11-06 14:05:59,883	ag02	606.0424709320	2871050.0000000000
2015-11-06 14:06:00,878	ag02	607.0375859737	2870880.0000000000
2015-11-06 14:06:01,882	ag02	608.0415809155	2871040.0000000000
2015-11-06 14:06:02,893	ag02	609.0525169373	2871240.0000000000
2015-11-06 14:06:03,881	ag02	610.0405409336	2871880.0000000000
2015-11-06 14:06:04,878	ag02	611.0376038551	2872630.0000000000
2015-11-06 14:06:05,878	ag02	612.0374379158	2871290.0000000000
2015-11-06 14:06:06,883	ag02	613.0425868034	2871910.0000000000
2015-11-06 14:06:07,878	ag02	614.0375938416	2872000.0000000000
2015-11-06 14:06:08,908	ag02	615.0675499439	2871100.0000000000
2015-11-06 14:06:09,890	ag02	616.0495069027	2871050.0000000000
2015-11-06 14:06:10,880	ag02	617.0395748615	2871340.0000000000
2015-11-06 14:06:11,878	ag02	618.0376348495	2871510.0000000000
2015-11-06 14:06:12,879	ag02	619.0386898518	2870730.0000000000
2015-11-06 14:06:13,877	ag02	620.0367460251	2870380.0000000000
2015-11-06 14:06:14,884	ag02	621.0436429977	2870070.0000000000
2015-11-06 14:06:15,882	ag02	622.0418050289	2870270.0000000000
2015-11-06 14:06:16,877	ag02	623.0367770195	2870260.0000000000
2015-11-06 14:06:17,881	ag02	624.0408029556	2870130.0000000000
2015-11-06 14:06:18,877	ag02	625.0368568897	2870190.0000000000
2015-11-06 14:06:19,916	ag02	626.0758388042	2869610.0000000000
2015-11-06 14:06:20,899	ag02	627.0589358807	2869930.0000000000
2015-11-06 14:06:21,882	ag02	628.0419349670	2870050.0000000000
2015-11-06 14:06:22,882	ag02	629.0419239998	2869940.0000000000
2015-11-06 14:06:23,877	ag02	630.0369379520	2869460.0000000000
2015-11-06 14:06:24,881	ag02	631.0409610271	2869020.0000000000
2015-11-06 14:06:25,892	ag02	632.0519587994	2869160.0000000000
2015-11-06 14:06:26,880	ag02	633.0399868488	2871710.0000000000
2015-11-06 14:06:27,877	ag02	634.0370240211	2871230.0000000000
2015-11-06 14:06:28,878	ag02	635.0380718708	2872640.0000000000
2015-11-06 14:06:29,883	ag02	636.0430788994	2871670.0000000000
2015-11-06 14:06:30,877	ag02	637.0371348858	2871250.0000000000
2015-11-06 14:06:31,907	ag02	638.0671539307	2870720.0000000000
2015-11-06 14:06:32,889	ag02	639.0491998196	2870150.0000000000
2015-11-06 14:06:33,880	ag02	640.0402719975	2869840.0000000000
2015-11-06 14:06:34,878	ag02	641.0373280048	2869360.0000000000
2015-11-06 14:06:35,879	ag02	642.0383598804	2869430.0000000000
2015-11-06 14:06:36,905	ag02	643.0643270016	2870600.0000000000
2015-11-06 14:06:37,885	ag02	644.0443398952	2870430.0000000000
2015-11-06 14:06:38,883	ag02	645.0423679352	2870550.0000000000
2015-11-06 14:06:39,878	ag02	646.0382969379	2870110.0000000000
2015-11-06 14:06:40,881	ag02	647.0403528214	2869650.0000000000
2015-11-06 14:06:41,878	ag02	648.0373289585	2869530.0000000000
2015-11-06 14:06:42,917	ag02	649.0764188766	2869140.0000000000
2015-11-06 14:06:43,900	ag02	650.0594518185	2868930.0000000000
2015-11-06 14:06:44,882	ag02	651.0415039062	2868700.0000000000
2015-11-06 14:06:45,883	ag02	652.0424599648	2868510.0000000000
2015-11-06 14:06:46,878	ag02	653.0375638008	2868500.0000000000
2015-11-06 14:06:47,882	ag02	654.0414929390	2868450.0000000000
2015-11-06 14:06:48,897	ag02	655.0565168858	2868500.0000000000
2015-11-06 14:06:49,881	ag02	656.0404498577	2868550.0000000000
2015-11-06 14:06:50,878	ag02	657.0375578403	2868580.0000000000
2015-11-06 14:06:51,879	ag02	658.0386598110	2868560.0000000000
2015-11-06 14:06:52,884	ag02	659.0436139107	2868560.0000000000
2015-11-06 14:06:53,878	ag02	660.0377528667	2868470.0000000000
2015-11-06 14:06:54,908	ag02	661.0677168369	2868470.0000000000
2015-11-06 14:06:55,891	ag02	662.0508630276	2868480.0000000000
2015-11-06 14:06:56,881	ag02	663.0409119129	2868580.0000000000
2015-11-06 14:06:57,877	ag02	664.0369369984	2868530.0000000000
2015-11-06 14:06:58,879	ag02	665.0389838219	2868410.0000000000
2015-11-06 14:06:59,877	ag02	666.0369620323	2872690.0000000000
2015-11-06 14:07:00,884	ag02	667.0439469814	2872620.0000000000
2015-11-06 14:07:01,882	ag02	668.0419850349	2872470.0000000000
2015-11-06 14:07:02,877	ag02	669.0369699001	2872390.0000000000
2015-11-06 14:07:03,881	ag02	670.0409879684	2872370.0000000000
2015-11-06 14:07:04,877	ag02	671.0370178223	2872250.0000000000
2015-11-06 14:07:05,916	ag02	672.0760169029	2872070.0000000000
2015-11-06 14:07:06,899	ag02	673.0590388775	2871910.0000000000
2015-11-06 14:07:07,882	ag02	674.0421319008	2871660.0000000000
2015-11-06 14:07:08,883	ag02	675.0431199074	2871620.0000000000
2015-11-06 14:07:09,877	ag02	676.0371179581	2871630.0000000000
2015-11-06 14:07:10,882	ag02	677.0421409607	2871550.0000000000
2015-11-06 14:07:11,893	ag02	678.0531368256	2871210.0000000000
2015-11-06 14:07:12,880	ag02	679.0402369499	2870910.0000000000
2015-11-06 14:07:13,878	ag02	680.0372989178	2870960.0000000000
2015-11-06 14:07:14,879	ag02	681.0383849144	2871050.0000000000
2015-11-06 14:07:15,884	ag02	682.0433869362	2871270.0000000000
2015-11-06 14:07:16,879	ag02	683.0384378433	2871200.0000000000
2015-11-06 14:07:17,909	ag02	684.0683939457	2871170.0000000000
2015-11-06 14:07:18,891	ag02	685.0505518913	2871210.0000000000
2015-11-06 14:07:19,881	ag02	686.0406098366	2870690.0000000000
2015-11-06 14:07:20,878	ag02	687.0376598835	2871390.0000000000
2015-11-06 14:07:21,879	ag02	688.0387678146	2871790.0000000000
2015-11-06 14:07:22,877	ag02	689.0367529392	2871890.0000000000
2015-11-06 14:07:23,885	ag02	690.0447938442	2871390.0000000000
2015-11-06 14:07:24,883	ag02	691.0428068638	2871220.0000000000
2015-11-06 14:07:25,877	ag02	692.0368368626	2871390.0000000000
2015-11-06 14:07:26,881	ag02	693.0408678055	2871390.0000000000
2015-11-06 14:07:27,878	ag02	694.0378680229	2871040.0000000000
2015-11-06 14:07:28,917	ag02	695.0768938065	2870770.0000000000
2015-11-06 14:07:29,900	ag02	696.0599088669	2870400.0000000000
2015-11-06 14:07:30,883	ag02	697.0428709984	2870190.0000000000
2015-11-06 14:07:31,883	ag02	698.0428638458	2870580.0000000000
2015-11-06 14:07:32,877	ag02	699.0368649960	2870650.0000000000
2015-11-06 14:07:33,883	ag02	700.0428628922	2870700.0000000000
2015-11-06 14:07:34,893	ag02	701.0529170036	2870510.0000000000
2015-11-06 14:07:35,880	ag02	702.0399169922	2870360.0000000000
2015-11-06 14:07:36,877	ag02	703.0369558334	2870060.0000000000
2015-11-06 14:07:37,879	ag02	704.0389950275	2869540.0000000000
2015-11-06 14:07:38,877	ag02	705.0369939804	2870720.0000000000
2015-11-06 14:07:39,878	ag02	706.0380198956	2871730.0000000000
2015-11-06 14:07:40,908	ag02	707.0679538250	2870060.0000000000
2015-11-06 14:07:41,891	ag02	708.0509150028	2870050.0000000000
2015-11-06 14:07:42,881	ag02	709.0409169197	2870730.0000000000
2015-11-06 14:07:43,877	ag02	710.0369148254	2870130.0000000000
2015-11-06 14:07:44,880	ag02	711.0399639606	2870170.0000000000
2015-11-06 14:07:45,877	ag02	712.0369689465	2870210.0000000000
2015-11-06 14:07:46,885	ag02	713.0450038910	2869900.0000000000
2015-11-06 14:07:47,883	ag02	714.0431168079	2870050.0000000000
2015-11-06 14:07:48,877	ag02	715.0371289253	2870140.0000000000
2015-11-06 14:07:49,881	ag02	716.0411148071	2870270.0000000000
2015-11-06 14:07:50,877	ag02	717.0371568203	2869730.0000000000
2015-11-06 14:07:51,917	ag02	718.0769679546	2868460.0000000000
2015-11-06 14:07:52,900	ag02	719.0601298809	2867700.0000000000
2015-11-06 14:07:53,883	ag02	720.0431218147	2868460.0000000000
2015-11-06 14:07:54,883	ag02	721.0430889130	2868310.0000000000
2015-11-06 14:07:55,877	ag02	722.0371530056	2868590.0000000000
2015-11-06 14:07:56,882	ag02	723.0421760082	2868970.0000000000
2015-11-06 14:07:57,893	ag02	724.0531818867	2869150.0000000000
2015-11-06 14:07:58,880	ag02	725.0402088165	2868880.0000000000
2015-11-06 14:07:59,877	ag02	726.0372459888	2868790.0000000000
2015-11-06 14:08:00,879	ag02	727.0392758846	2869060.0000000000
2015-11-06 14:08:01,877	ag02	728.0372400284	2869070.0000000000
2015-11-06 14:08:02,878	ag02	729.0381598473	2868990.0000000000
2015-11-06 14:08:03,908	ag02	730.0681929588	2869380.0000000000
2015-11-06 14:08:04,891	ag02	731.0512609482	2869700.0000000000
2015-11-06 14:08:05,881	ag02	732.0412800312	2869520.0000000000
2015-11-06 14:08:06,877	ag02	733.0372889042	2869410.0000000000
2015-11-06 14:08:07,880	ag02	734.0393199921	2869060.0000000000
2015-11-06 14:08:08,878	ag02	735.0373489857	2868810.0000000000
2015-11-06 14:08:09,886	ag02	736.0454099178	2868600.0000000000
2015-11-06 14:08:10,884	ag02	737.0434799194	2868240.0000000000
2015-11-06 14:08:11,878	ag02	738.0375368595	2867920.0000000000
2015-11-06 14:08:12,882	ag02	739.0414068699	2867960.0000000000
2015-11-06 14:08:13,879	ag02	740.0384678841	2868090.0000000000
2015-11-06 14:08:14,918	ag02	741.0774857998	2867910.0000000000
2015-11-06 14:08:15,901	ag02	742.0605199337	2867970.0000000000
2015-11-06 14:08:16,884	ag02	743.0435359478	2867920.0000000000
2015-11-06 14:08:17,884	ag02	744.0435779095	2868010.0000000000
2015-11-06 14:08:18,878	ag02	745.0376458168	2867910.0000000000
2015-11-06 14:08:19,883	ag02	746.0425269604	2867860.0000000000
2015-11-06 14:08:20,894	ag02	747.0535619259	2867780.0000000000
2015-11-06 14:08:21,882	ag02	748.0416460037	2871740.0000000000
2015-11-06 14:08:22,877	ag02	749.0366518497	2872420.0000000000
2015-11-06 14:08:23,880	ag02	750.0395820141	2872390.0000000000
2015-11-06 14:08:24,878	ag02	751.0375919342	2872220.0000000000
2015-11-06 14:08:25,879	ag02	752.0386378765	2871900.0000000000
2015-11-06 14:08:26,909	ag02	753.0686099529	2871360.0000000000
2015-11-06 14:08:27,892	ag02	754.0516059399	2870970.0000000000
2015-11-06 14:08:28,882	ag02	755.0417168140	2870640.0000000000
2015-11-06 14:08:29,877	ag02	756.0367608070	2870650.0000000000
2015-11-06 14:08:30,881	ag02	757.0406098366	2871430.0000000000
2015-11-06 14:08:31,878	ag02	758.0377039909	2870630.0000000000
2015-11-06 14:08:32,886	ag02	759.0455739498	2870620.0000000000
2015-11-06 14:08:33,884	ag02	760.0435578823	2870500.0000000000
2015-11-06 14:08:34,878	ag02	761.0376768112	2870570.0000000000
2015-11-06 14:08:35,883	ag02	762.0426249504	2870710.0000000000
2015-11-06 14:08:36,877	ag02	763.0366809368	2870410.0000000000
2015-11-06 14:08:37,918	ag02	764.0777878761	2869680.0000000000
2015-11-06 14:08:38,901	ag02	765.0607919693	2868360.0000000000
2015-11-06 14:08:39,884	ag02	766.0438008308	2868940.0000000000
2015-11-06 14:08:40,877	ag02	767.0367989540	2868890.0000000000
2015-11-06 14:08:41,878	ag02	768.0378618240	2871470.0000000000
2015-11-06 14:08:42,883	ag02	769.0428428650	2873470.0000000000
2015-11-06 14:08:43,894	ag02	770.0539009571	2873560.0000000000
2015-11-06 14:08:44,881	ag02	771.0409858227	2872990.0000000000
2015-11-06 14:08:45,877	ag02	772.0369589329	2872230.0000000000
2015-11-06 14:08:46,880	ag02	773.0399999619	2872140.0000000000
2015-11-06 14:08:47,877	ag02	774.0369229317	2870940.0000000000
2015-11-06 14:08:48,879	ag02	775.0388989449	2869620.0000000000
2015-11-06 14:08:49,909	ag02	776.0689568520	2868880.0000000000
2015-11-06 14:08:50,892	ag02	777.0518648624	2867890.0000000000
2015-11-06 14:08:51,882	ag02	778.0420370102	2867260.0000000000
2015-11-06 14:08:52,877	ag02	779.0369520187	2867350.0000000000
2015-11-06 14:08:53,881	ag02	780.0409359932	2869450.0000000000
2015-11-06 14:08:54,877	ag02	781.0369520187	2869800.0000000000
2015-11-06 14:08:55,886	ag02	782.0459549427	2869270.0000000000
2015-11-06 14:08:56,877	ag02	783.0369818211	2869030.0000000000
2015-11-06 14:08:57,878	ag02	784.0379869938	2868890.0000000000
2015-11-06 14:08:58,882	ag02	785.0420010090	2868140.0000000000
2015-11-06 14:08:59,877	ag02	786.0370359421	2867260.0000000000
2015-11-06 14:09:00,918	ag02	787.0781378746	2866310.0000000000
2015-11-06 14:09:01,901	ag02	788.0611598492	2866910.0000000000
2015-11-06 14:09:02,884	ag02	789.0441858768	2867200.0000000000
2015-11-06 14:09:03,877	ag02	790.0372138023	2866390.0000000000
2015-11-06 14:09:04,878	ag02	791.0382168293	2869040.0000000000
2015-11-06 14:09:05,883	ag02	792.0431938171	2869200.0000000000
2015-11-06 14:09:06,898	ag02	793.0582408905	2869220.0000000000
2015-11-06 14:09:07,881	ag02	794.0412428379	2868500.0000000000
2015-11-06 14:09:08,878	ag02	795.0373439789	2867720.0000000000
2015-11-06 14:09:09,881	ag02	796.0403439999	2867510.0000000000
2015-11-06 14:09:10,878	ag02	797.0373458862	2868480.0000000000
2015-11-06 14:09:11,880	ag02	798.0393438339	2870300.0000000000
2015-11-06 14:09:12,910	ag02	799.0693290234	2870400.0000000000
2015-11-06 14:09:13,893	ag02	800.0523958206	2870240.0000000000
2015-11-06 14:09:14,883	ag02	801.0424468517	2870980.0000000000
2015-11-06 14:09:15,878	ag02	802.0374379158	2871200.0000000000
2015-11-06 14:09:16,881	ag02	803.0404798985	2870550.0000000000
2015-11-06 14:09:17,878	ag02	804.0375258923	2868650.0000000000
2015-11-06 14:09:18,887	ag02	805.0464420319	2868830.0000000000
2015-11-06 14:09:19,878	ag02	806.0376548767	2870310.0000000000
2015-11-06 14:09:20,878	ag02	807.0376520157	2870350.0000000000
2015-11-06 14:09:21,883	ag02	808.0426409245	2870000.0000000000
2015-11-06 14:09:22,878	ag02	809.0377008915	2869700.0000000000
2015-11-06 14:09:23,919	ag02	810.0787038803	2869240.0000000000
2015-11-06 14:09:24,901	ag02	811.0606689453	2868700.0000000000
2015-11-06 14:09:25,884	ag02	812.0436508656	2868190.0000000000
2015-11-06 14:09:26,878	ag02	813.0377798080	2867760.0000000000
2015-11-06 14:09:27,879	ag02	814.0387678146	2868550.0000000000
2015-11-06 14:09:28,877	ag02	815.0367689133	2868020.0000000000
2015-11-06 14:09:29,895	ag02	816.0547678471	2867460.0000000000
2015-11-06 14:09:30,882	ag02	817.0418019295	2866940.0000000000
2015-11-06 14:09:31,877	ag02	818.0368340015	2866140.0000000000
2015-11-06 14:09:32,881	ag02	819.0408759117	2866020.0000000000
2015-11-06 14:09:33,877	ag02	820.0369558334	2866200.0000000000
2015-11-06 14:09:34,880	ag02	821.0399799347	2869180.0000000000
2015-11-06 14:09:35,910	ag02	822.0699489117	2867600.0000000000
2015-11-06 14:09:36,893	ag02	823.0530848503	2866800.0000000000
2015-11-06 14:09:37,882	ag02	824.0421760082	2866480.0000000000
2015-11-06 14:09:38,877	ag02	825.0372459888	2866480.0000000000
2015-11-06 14:09:39,881	ag02	826.0412099361	2865940.0000000000
2015-11-06 14:09:40,877	ag02	827.0372638702	2865200.0000000000
2015-11-06 14:09:41,886	ag02	828.0462470055	2865380.0000000000
2015-11-06 14:09:42,877	ag02	829.0372428894	2866000.0000000000
2015-11-06 14:09:43,878	ag02	830.0382499695	2865720.0000000000
2015-11-06 14:09:44,884	ag02	831.0433080196	2866280.0000000000
2015-11-06 14:09:45,877	ag02	832.0372719765	2863830.0000000000
2015-11-06 14:09:46,919	ag02	833.0783009529	2864550.0000000000
2015-11-06 14:09:47,902	ag02	834.0613329411	2866070.0000000000
2015-11-06 14:09:48,885	ag02	835.0444118977	2865440.0000000000
2015-11-06 14:09:49,878	ag02	836.0374870300	2865210.0000000000
2015-11-06 14:09:50,879	ag02	837.0385308266	2865910.0000000000
2015-11-06 14:09:51,884	ag02	838.0433850288	2866300.0000000000
2015-11-06 14:09:52,896	ag02	839.0553469658	2865410.0000000000
2015-11-06 14:09:53,883	ag02	840.0425288677	2865520.0000000000
2015-11-06 14:09:54,878	ag02	841.0376429558	2864150.0000000000
2015-11-06 14:09:55,881	ag02	842.0406639576	2865310.0000000000
2015-11-06 14:09:56,877	ag02	843.0366969109	2865850.0000000000
2015-11-06 14:09:57,880	ag02	844.0396738052	2865320.0000000000
2015-11-06 14:09:58,910	ag02	845.0695888996	2863640.0000000000
2015-11-06 14:09:59,893	ag02	846.0527908802	2821370.0000000000
2015-11-06 14:10:00,883	ag02	847.0427689552	2820610.0000000000
2015-11-06 14:10:01,877	ag02	848.0367739201	2822360.0000000000
2015-11-06 14:10:02,882	ag02	849.0417699814	2824650.0000000000
2015-11-06 14:10:03,877	ag02	850.0367889404	2827200.0000000000
2015-11-06 14:10:04,887	ag02	851.0467488766	2833580.0000000000
2015-11-06 14:10:05,877	ag02	852.0367038250	2833620.0000000000
2015-11-06 14:10:06,879	ag02	853.0387699604	2834850.0000000000
2015-11-06 14:10:07,877	ag02	854.0367758274	2834450.0000000000
2015-11-06 14:10:08,878	ag02	855.0377910137	2835400.0000000000
2015-11-06 14:10:09,919	ag02	856.0787630081	2835070.0000000000
