Enter a label: 2015-11-06 15:33:42,805	pc22	0.0569899082	2165360.0000000000
2015-11-06 15:33:43,788	pc22	1.0402209759	2165380.0000000000
2015-11-06 15:33:44,789	pc22	2.0411269665	2166540.0000000000
2015-11-06 15:33:45,785	pc22	3.0372269154	2167730.0000000000
2015-11-06 15:33:46,788	pc22	4.0402288437	2165210.0000000000
2015-11-06 15:33:47,799	pc22	5.0509908199	2167030.0000000000
2015-11-06 15:33:48,786	pc22	6.0382349491	2166840.0000000000
2015-11-06 15:33:49,791	pc22	7.0423278809	2167000.0000000000
2015-11-06 15:33:50,786	pc22	8.0373759270	2166790.0000000000
2015-11-06 15:33:51,790	pc22	9.0414769650	2166760.0000000000
2015-11-06 15:33:52,786	pc22	10.0376009941	2166480.0000000000
2015-11-06 15:33:53,814	pc22	11.0656249523	2166740.0000000000
2015-11-06 15:33:54,797	pc22	12.0487699509	2166800.0000000000
2015-11-06 15:33:55,787	pc22	13.0389339924	2166310.0000000000
2015-11-06 15:33:56,791	pc22	14.0429778099	2165250.0000000000
2015-11-06 15:33:57,785	pc22	15.0370509624	2165330.0000000000
2015-11-06 15:33:58,811	pc22	16.0630249977	2165570.0000000000
2015-11-06 15:33:59,794	pc22	17.0461568832	2165290.0000000000
2015-11-06 15:34:00,788	pc22	18.0402529240	2166650.0000000000
2015-11-06 15:34:01,787	pc22	19.0382800102	2166930.0000000000
2015-11-06 15:34:02,788	pc22	20.0393569469	2166360.0000000000
2015-11-06 15:34:03,793	pc22	21.0444369316	2166650.0000000000
2015-11-06 15:34:04,822	pc22	22.0742499828	2166790.0000000000
2015-11-06 15:34:05,806	pc22	23.0575759411	2166760.0000000000
2015-11-06 15:34:06,789	pc22	24.0406520367	2166570.0000000000
2015-11-06 15:34:07,789	pc22	25.0407028198	2166760.0000000000
2015-11-06 15:34:08,785	pc22	26.0367019176	2166720.0000000000
2015-11-06 15:34:09,788	pc22	27.0398290157	2166410.0000000000
2015-11-06 15:34:10,799	pc22	28.0508019924	2166270.0000000000
2015-11-06 15:34:11,786	pc22	29.0378899574	2166220.0000000000
2015-11-06 15:34:12,791	pc22	30.0429790020	2165880.0000000000
2015-11-06 15:34:13,785	pc22	31.0370819569	2165660.0000000000
2015-11-06 15:34:14,790	pc22	32.0412609577	2165120.0000000000
2015-11-06 15:34:15,785	pc22	33.0372538567	2165750.0000000000
2015-11-06 15:34:16,815	pc22	34.0663168430	2166660.0000000000
2015-11-06 15:34:17,798	pc22	35.0493299961	2166730.0000000000
2015-11-06 15:34:18,788	pc22	36.0394790173	2166950.0000000000
2015-11-06 15:34:19,792	pc22	37.0436048508	2166950.0000000000
2015-11-06 15:34:20,786	pc22	38.0377378464	2167070.0000000000
2015-11-06 15:34:21,811	pc22	39.0627119541	2167170.0000000000
2015-11-06 15:34:22,791	pc22	40.0430269241	2167090.0000000000
2015-11-06 15:34:23,789	pc22	41.0411128998	2166900.0000000000
2015-11-06 15:34:24,785	pc22	42.0371029377	2165990.0000000000
2015-11-06 15:34:25,787	pc22	43.0392298698	2166580.0000000000
2015-11-06 15:34:26,787	pc22	44.0382559299	2166390.0000000000
2015-11-06 15:34:27,823	pc22	45.0751528740	2166450.0000000000
2015-11-06 15:34:28,806	pc22	46.0572559834	2166760.0000000000
2015-11-06 15:34:29,788	pc22	47.0402188301	2166470.0000000000
2015-11-06 15:34:30,790	pc22	48.0413069725	2166060.0000000000
2015-11-06 15:34:31,786	pc22	49.0375800133	2166680.0000000000
2015-11-06 15:34:32,789	pc22	50.0405819416	2165900.0000000000
2015-11-06 15:34:33,799	pc22	51.0506320000	2166060.0000000000
2015-11-06 15:34:34,787	pc22	52.0386919975	2165300.0000000000
2015-11-06 15:34:35,786	pc22	53.0376698971	2165160.0000000000
2015-11-06 15:34:36,785	pc22	54.0367829800	2167490.0000000000
2015-11-06 15:34:37,790	pc22	55.0418658257	2167250.0000000000
2015-11-06 15:34:38,785	pc22	56.0369029045	2167370.0000000000
2015-11-06 15:34:39,815	pc22	57.0670289993	2166180.0000000000
2015-11-06 15:34:40,797	pc22	58.0491039753	2165370.0000000000
2015-11-06 15:34:41,787	pc22	59.0392308235	2165400.0000000000
2015-11-06 15:34:42,786	pc22	60.0373098850	2165390.0000000000
2015-11-06 15:34:43,786	pc22	61.0373589993	2168850.0000000000
2015-11-06 15:34:44,812	pc22	62.0634379387	2166080.0000000000
2015-11-06 15:34:45,795	pc22	63.0465040207	2165300.0000000000
2015-11-06 15:34:46,789	pc22	64.0406079292	2165060.0000000000
2015-11-06 15:34:47,786	pc22	65.0377118587	2164560.0000000000
2015-11-06 15:34:48,788	pc22	66.0397329330	2164130.0000000000
2015-11-06 15:34:49,786	pc22	67.0376389027	2164120.0000000000
2015-11-06 15:34:50,823	pc22	68.0748128891	2163630.0000000000
2015-11-06 15:34:51,806	pc22	69.0577688217	2163800.0000000000
2015-11-06 15:34:52,789	pc22	70.0410380363	2163510.0000000000
2015-11-06 15:34:53,789	pc22	71.0411410332	2162760.0000000000
2015-11-06 15:34:54,785	pc22	72.0372319221	2161960.0000000000
2015-11-06 15:34:55,789	pc22	73.0403068066	2160820.0000000000
2015-11-06 15:34:56,800	pc22	74.0513589382	2159570.0000000000
2015-11-06 15:34:57,787	pc22	75.0383358002	2158330.0000000000
2015-11-06 15:34:58,792	pc22	76.0435848236	2157280.0000000000
2015-11-06 15:34:59,786	pc22	77.0375998020	2155870.0000000000
2015-11-06 15:35:00,790	pc22	78.0418488979	2152340.0000000000
2015-11-06 15:35:01,785	pc22	79.0369110107	2150840.0000000000
2015-11-06 15:35:02,815	pc22	80.0667788982	2150280.0000000000
2015-11-06 15:35:03,798	pc22	81.0500140190	2148020.0000000000
2015-11-06 15:35:04,787	pc22	82.0391108990	2147820.0000000000
2015-11-06 15:35:05,785	pc22	83.0371060371	2147650.0000000000
2015-11-06 15:35:06,787	pc22	84.0382499695	2149550.0000000000
2015-11-06 15:35:07,812	pc22	85.0642418861	2152690.0000000000
2015-11-06 15:35:08,792	pc22	86.0433340073	2156190.0000000000
2015-11-06 15:35:09,790	pc22	87.0414698124	2159140.0000000000
2015-11-06 15:35:10,786	pc22	88.0375089645	2161740.0000000000
2015-11-06 15:35:11,789	pc22	89.0405409336	2164020.0000000000
2015-11-06 15:35:12,786	pc22	90.0375819206	2165030.0000000000
2015-11-06 15:35:13,824	pc22	91.0755620003	2166870.0000000000
2015-11-06 15:35:14,807	pc22	92.0586600304	2167880.0000000000
2015-11-06 15:35:15,789	pc22	93.0408039093	2169460.0000000000
2015-11-06 15:35:16,790	pc22	94.0419399738	2170290.0000000000
2015-11-06 15:35:17,785	pc22	95.0369849205	2171200.0000000000
2015-11-06 15:35:18,789	pc22	96.0411188602	2171750.0000000000
2015-11-06 15:35:19,800	pc22	97.0521240234	2172630.0000000000
2015-11-06 15:35:20,787	pc22	98.0392358303	2173150.0000000000
2015-11-06 15:35:21,786	pc22	99.0382490158	2173530.0000000000
2015-11-06 15:35:22,786	pc22	100.0373399258	2173890.0000000000
2015-11-06 15:35:23,791	pc22	101.0424380302	2174330.0000000000
2015-11-06 15:35:24,786	pc22	102.0375869274	2174620.0000000000
2015-11-06 15:35:25,815	pc22	103.0666298866	2174690.0000000000
2015-11-06 15:35:26,798	pc22	104.0497429371	2174590.0000000000
2015-11-06 15:35:27,788	pc22	105.0397210121	2174190.0000000000
2015-11-06 15:35:28,785	pc22	106.0369868279	2173440.0000000000
2015-11-06 15:35:29,786	pc22	107.0381159782	2172570.0000000000
2015-11-06 15:35:30,812	pc22	108.0640499592	2172260.0000000000
2015-11-06 15:35:31,791	pc22	109.0432348251	2172300.0000000000
2015-11-06 15:35:32,790	pc22	110.0413668156	2172260.0000000000
2015-11-06 15:35:33,787	pc22	111.0384829044	2170940.0000000000
2015-11-06 15:35:34,789	pc22	112.0405378342	2172160.0000000000
2015-11-06 15:35:35,787	pc22	113.0385680199	2172140.0000000000
2015-11-06 15:35:36,825	pc22	114.0765388012	2171960.0000000000
2015-11-06 15:35:37,807	pc22	115.0586609840	2171870.0000000000
2015-11-06 15:35:38,790	pc22	116.0417449474	2171400.0000000000
2015-11-06 15:35:39,790	pc22	117.0419068336	2171890.0000000000
2015-11-06 15:35:40,785	pc22	118.0369369984	2172270.0000000000
2015-11-06 15:35:41,789	pc22	119.0409979820	2172820.0000000000
2015-11-06 15:35:42,800	pc22	120.0521388054	2174310.0000000000
2015-11-06 15:35:43,788	pc22	121.0392608643	2175310.0000000000
2015-11-06 15:35:44,786	pc22	122.0373380184	2175170.0000000000
2015-11-06 15:35:45,787	pc22	123.0384838581	2174720.0000000000
2015-11-06 15:35:46,791	pc22	124.0424869061	2173900.0000000000
2015-11-06 15:35:47,786	pc22	125.0376398563	2173730.0000000000
2015-11-06 15:35:48,815	pc22	126.0667138100	2173000.0000000000
2015-11-06 15:35:49,799	pc22	127.0508198738	2172800.0000000000
2015-11-06 15:35:50,788	pc22	128.0398888588	2169760.0000000000
2015-11-06 15:35:51,785	pc22	129.0370159149	2170740.0000000000
2015-11-06 15:35:52,787	pc22	130.0390830040	2169690.0000000000
2015-11-06 15:35:53,809	pc22	131.0609610081	2169180.0000000000
2015-11-06 15:35:54,792	pc22	132.0442428589	2169440.0000000000
2015-11-06 15:35:55,791	pc22	133.0424129963	2169710.0000000000
2015-11-06 15:35:56,786	pc22	134.0374608040	2169320.0000000000
2015-11-06 15:35:57,789	pc22	135.0405158997	2168600.0000000000
2015-11-06 15:35:58,786	pc22	136.0375928879	2169420.0000000000
2015-11-06 15:35:59,824	pc22	137.0755429268	2169170.0000000000
2015-11-06 15:36:00,807	pc22	138.0587418079	2168690.0000000000
2015-11-06 15:36:01,790	pc22	139.0419039726	2168610.0000000000
2015-11-06 15:36:02,791	pc22	140.0429389477	2167890.0000000000
2015-11-06 15:36:03,785	pc22	141.0369899273	2167270.0000000000
2015-11-06 15:36:04,790	pc22	142.0421228409	2167840.0000000000
2015-11-06 15:36:05,802	pc22	143.0532629490	2168120.0000000000
2015-11-06 15:36:06,788	pc22	144.0392909050	2168590.0000000000
2015-11-06 15:36:07,786	pc22	145.0373399258	2168550.0000000000
2015-11-06 15:36:08,787	pc22	146.0384249687	2168020.0000000000
2015-11-06 15:36:09,792	pc22	147.0434617996	2167800.0000000000
2015-11-06 15:36:10,786	pc22	148.0375440121	2167510.0000000000
2015-11-06 15:36:11,816	pc22	149.0675208569	2166250.0000000000
2015-11-06 15:36:12,799	pc22	150.0506420135	2166490.0000000000
2015-11-06 15:36:13,789	pc22	151.0407328606	2166860.0000000000
2015-11-06 15:36:14,785	pc22	152.0367779732	2166970.0000000000
2015-11-06 15:36:15,787	pc22	153.0389399529	2166190.0000000000
2015-11-06 15:36:16,785	pc22	154.0370399952	2167430.0000000000
2015-11-06 15:36:17,796	pc22	155.0481398106	2167380.0000000000
2015-11-06 15:36:18,790	pc22	156.0422468185	2167150.0000000000
2015-11-06 15:36:19,786	pc22	157.0372889042	2166820.0000000000
2015-11-06 15:36:20,788	pc22	158.0401859283	2167100.0000000000
2015-11-06 15:36:21,786	pc22	159.0374648571	2166540.0000000000
2015-11-06 15:36:22,825	pc22	160.0765428543	2166080.0000000000
2015-11-06 15:36:23,808	pc22	161.0595149994	2166650.0000000000
2015-11-06 15:36:24,790	pc22	162.0416479111	2167000.0000000000
2015-11-06 15:36:25,791	pc22	163.0426399708	2167040.0000000000
2015-11-06 15:36:26,785	pc22	164.0367159843	2166630.0000000000
2015-11-06 15:36:27,790	pc22	165.0418019295	2166770.0000000000
2015-11-06 15:36:28,801	pc22	166.0528068542	2166790.0000000000
2015-11-06 15:36:29,788	pc22	167.0398948193	2166690.0000000000
2015-11-06 15:36:30,785	pc22	168.0370190144	2166440.0000000000
2015-11-06 15:36:31,787	pc22	169.0391077995	2165720.0000000000
2015-11-06 15:36:32,791	pc22	170.0432438850	2165940.0000000000
2015-11-06 15:36:33,787	pc22	171.0382969379	2165700.0000000000
2015-11-06 15:36:34,817	pc22	172.0683138371	2165810.0000000000
2015-11-06 15:36:35,799	pc22	173.0504469872	2166050.0000000000
2015-11-06 15:36:36,789	pc22	174.0405149460	2167030.0000000000
2015-11-06 15:36:37,786	pc22	175.0376749039	2165590.0000000000
2015-11-06 15:36:38,788	pc22	176.0397408009	2165890.0000000000
2015-11-06 15:36:39,785	pc22	177.0367410183	2166220.0000000000
2015-11-06 15:36:40,793	pc22	178.0448408127	2164750.0000000000
2015-11-06 15:36:41,791	pc22	179.0428919792	2164930.0000000000
2015-11-06 15:36:42,785	pc22	180.0369949341	2164820.0000000000
2015-11-06 15:36:43,789	pc22	181.0410768986	2165120.0000000000
2015-11-06 15:36:44,785	pc22	182.0371398926	2164660.0000000000
2015-11-06 15:36:45,824	pc22	183.0762410164	2163820.0000000000
2015-11-06 15:36:46,807	pc22	184.0591800213	2164300.0000000000
2015-11-06 15:36:47,791	pc22	185.0423438549	2163940.0000000000
2015-11-06 15:36:48,792	pc22	186.0433979034	2164450.0000000000
2015-11-06 15:36:49,786	pc22	187.0374920368	2164700.0000000000
2015-11-06 15:36:50,791	pc22	188.0425438881	2163910.0000000000
2015-11-06 15:36:51,802	pc22	189.0536270142	2163470.0000000000
2015-11-06 15:36:52,789	pc22	190.0407299995	2163350.0000000000
2015-11-06 15:36:53,785	pc22	191.0368809700	2162760.0000000000
2015-11-06 15:36:54,787	pc22	192.0389668941	2162590.0000000000
2015-11-06 15:36:55,785	pc22	193.0368719101	2163580.0000000000
2015-11-06 15:36:56,786	pc22	194.0381038189	2163630.0000000000
2015-11-06 15:36:57,816	pc22	195.0681469440	2163170.0000000000
2015-11-06 15:36:58,799	pc22	196.0512490273	2162950.0000000000
2015-11-06 15:36:59,790	pc22	197.0412988663	2162860.0000000000
2015-11-06 15:37:00,786	pc22	198.0373699665	2162610.0000000000
2015-11-06 15:37:01,788	pc22	199.0393829346	2162530.0000000000
2015-11-06 15:37:02,786	pc22	200.0375268459	2162360.0000000000
2015-11-06 15:37:03,793	pc22	201.0445759296	2162210.0000000000
2015-11-06 15:37:04,791	pc22	202.0426189899	2162080.0000000000
2015-11-06 15:37:05,785	pc22	203.0367770195	2162030.0000000000
2015-11-06 15:37:06,790	pc22	204.0417988300	2161950.0000000000
2015-11-06 15:37:07,786	pc22	205.0377018452	2161940.0000000000
2015-11-06 15:37:08,825	pc22	206.0768258572	2161760.0000000000
2015-11-06 15:37:09,808	pc22	207.0597198009	2161620.0000000000
2015-11-06 15:37:10,791	pc22	208.0430710316	2161610.0000000000
2015-11-06 15:37:11,791	pc22	209.0431430340	2161570.0000000000
2015-11-06 15:37:12,785	pc22	210.0372438431	2161580.0000000000
2015-11-06 15:37:13,791	pc22	211.0423529148	2161530.0000000000
2015-11-06 15:37:14,802	pc22	212.0534729958	2161420.0000000000
2015-11-06 15:37:15,789	pc22	213.0405488014	2161280.0000000000
2015-11-06 15:37:16,786	pc22	214.0376248360	2161210.0000000000
2015-11-06 15:37:17,787	pc22	215.0386269093	2161060.0000000000
2015-11-06 15:37:18,785	pc22	216.0368928909	2160910.0000000000
2015-11-06 15:37:19,787	pc22	217.0389759541	2160820.0000000000
2015-11-06 15:37:20,817	pc22	218.0688588619	2160660.0000000000
2015-11-06 15:37:21,799	pc22	219.0511009693	2160570.0000000000
2015-11-06 15:37:22,789	pc22	220.0412058830	2160530.0000000000
2015-11-06 15:37:23,786	pc22	221.0372970104	2160530.0000000000
2015-11-06 15:37:24,788	pc22	222.0394558907	2160500.0000000000
2015-11-06 15:37:25,786	pc22	223.0375778675	2160390.0000000000
2015-11-06 15:37:26,793	pc22	224.0446498394	2160360.0000000000
2015-11-06 15:37:27,791	pc22	225.0427479744	2160330.0000000000
2015-11-06 15:37:28,785	pc22	226.0368969440	2160290.0000000000
2015-11-06 15:37:29,790	pc22	227.0418369770	2160190.0000000000
2015-11-06 15:37:30,785	pc22	228.0370988846	2160150.0000000000
2015-11-06 15:37:31,826	pc22	229.0781769753	2160190.0000000000
2015-11-06 15:37:32,808	pc22	230.0600998402	2160080.0000000000
2015-11-06 15:37:33,792	pc22	231.0433478355	2159860.0000000000
2015-11-06 15:37:34,792	pc22	232.0434260368	2159830.0000000000
2015-11-06 15:37:35,786	pc22	233.0375528336	2159380.0000000000
2015-11-06 15:37:36,791	pc22	234.0425488949	2159090.0000000000
2015-11-06 15:37:37,802	pc22	235.0536379814	2159140.0000000000
2015-11-06 15:37:38,789	pc22	236.0406999588	2158160.0000000000
2015-11-06 15:37:39,785	pc22	237.0367820263	2158690.0000000000
2015-11-06 15:37:40,788	pc22	238.0397748947	2158410.0000000000
2015-11-06 15:37:41,785	pc22	239.0369009972	2158730.0000000000
2015-11-06 15:37:42,787	pc22	240.0390310287	2159490.0000000000
2015-11-06 15:37:43,817	pc22	241.0690248013	2159610.0000000000
2015-11-06 15:37:44,800	pc22	242.0521488190	2159600.0000000000
2015-11-06 15:37:45,790	pc22	243.0412800312	2159480.0000000000
2015-11-06 15:37:46,786	pc22	244.0373008251	2159470.0000000000
2015-11-06 15:37:47,789	pc22	245.0403749943	2159560.0000000000
2015-11-06 15:37:48,786	pc22	246.0375308990	2159180.0000000000
2015-11-06 15:37:49,797	pc22	247.0485718250	2158950.0000000000
2015-11-06 15:37:50,792	pc22	248.0436258316	2159060.0000000000
2015-11-06 15:37:51,786	pc22	249.0377588272	2159140.0000000000
2015-11-06 15:37:52,790	pc22	250.0417888165	2159010.0000000000
2015-11-06 15:37:53,785	pc22	251.0369238853	2158340.0000000000
2015-11-06 15:37:54,826	pc22	252.0779478550	2158100.0000000000
2015-11-06 15:37:55,808	pc22	253.0600259304	2158000.0000000000
2015-11-06 15:37:56,791	pc22	254.0431230068	2157880.0000000000
2015-11-06 15:37:57,785	pc22	255.0372529030	2157720.0000000000
2015-11-06 15:37:58,787	pc22	256.0382578373	2157620.0000000000
2015-11-06 15:37:59,792	pc22	257.0433759689	2157580.0000000000
2015-11-06 15:38:00,803	pc22	258.0544500351	2157600.0000000000
2015-11-06 15:38:01,790	pc22	259.0416448116	2157740.0000000000
2015-11-06 15:38:02,785	pc22	260.0367069244	2157750.0000000000
2015-11-06 15:38:03,788	pc22	261.0397768021	2157630.0000000000
2015-11-06 15:38:04,785	pc22	262.0369079113	2157530.0000000000
2015-11-06 15:38:05,787	pc22	263.0389809608	2157220.0000000000
2015-11-06 15:38:06,817	pc22	264.0688309669	2157170.0000000000
2015-11-06 15:38:07,800	pc22	265.0520038605	2157140.0000000000
2015-11-06 15:38:08,790	pc22	266.0421319008	2157050.0000000000
2015-11-06 15:38:09,786	pc22	267.0381319523	2157640.0000000000
2015-11-06 15:38:10,789	pc22	268.0402779579	2156680.0000000000
2015-11-06 15:38:11,786	pc22	269.0373768806	2156450.0000000000
2015-11-06 15:38:12,794	pc22	270.0454490185	2157160.0000000000
2015-11-06 15:38:13,793	pc22	271.0445549488	2157690.0000000000
2015-11-06 15:38:14,786	pc22	272.0376298428	2157490.0000000000
2015-11-06 15:38:15,791	pc22	273.0427258015	2157160.0000000000
2015-11-06 15:38:16,785	pc22	274.0369088650	2157060.0000000000
2015-11-06 15:38:17,826	pc22	275.0777828693	2156900.0000000000
2015-11-06 15:38:18,809	pc22	276.0611050129	2156890.0000000000
2015-11-06 15:38:19,791	pc22	277.0431518555	2156870.0000000000
2015-11-06 15:38:20,785	pc22	278.0372538567	2156960.0000000000
2015-11-06 15:38:21,787	pc22	279.0383529663	2156390.0000000000
2015-11-06 15:38:22,792	pc22	280.0434298515	2155870.0000000000
2015-11-06 15:38:23,807	pc22	281.0585169792	2156470.0000000000
2015-11-06 15:38:24,790	pc22	282.0416338444	2156900.0000000000
2015-11-06 15:38:25,785	pc22	283.0366559029	2157030.0000000000
2015-11-06 15:38:26,788	pc22	284.0397279263	2156850.0000000000
2015-11-06 15:38:27,785	pc22	285.0367820263	2156800.0000000000
2015-11-06 15:38:28,788	pc22	286.0397768021	2156430.0000000000
2015-11-06 15:38:29,818	pc22	287.0697779655	2156110.0000000000
2015-11-06 15:38:30,800	pc22	288.0519039631	2156240.0000000000
2015-11-06 15:38:31,790	pc22	289.0420348644	2156060.0000000000
2015-11-06 15:38:32,785	pc22	290.0371220112	2155610.0000000000
2015-11-06 15:38:33,789	pc22	291.0402579308	2155580.0000000000
2015-11-06 15:38:34,786	pc22	292.0373549461	2155830.0000000000
2015-11-06 15:38:35,799	pc22	293.0503909588	2156130.0000000000
2015-11-06 15:38:36,786	pc22	294.0375540257	2156140.0000000000
2015-11-06 15:38:37,786	pc22	295.0376260281	2155920.0000000000
2015-11-06 15:38:38,791	pc22	296.0426080227	2155890.0000000000
2015-11-06 15:38:39,786	pc22	297.0376899242	2155940.0000000000
2015-11-06 15:38:40,827	pc22	298.0788018703	2155600.0000000000
2015-11-06 15:38:41,809	pc22	299.0610089302	2155810.0000000000
2015-11-06 15:38:42,792	pc22	300.0440859795	2156220.0000000000
2015-11-06 15:38:43,786	pc22	301.0381369591	2154680.0000000000
2015-11-06 15:38:44,787	pc22	302.0382609367	2155180.0000000000
2015-11-06 15:38:45,792	pc22	303.0432579517	2154960.0000000000
2015-11-06 15:38:46,803	pc22	304.0543298721	2155810.0000000000
2015-11-06 15:38:47,790	pc22	305.0414588451	2156610.0000000000
2015-11-06 15:38:48,786	pc22	306.0375828743	2156380.0000000000
2015-11-06 15:38:49,789	pc22	307.0406818390	2156300.0000000000
2015-11-06 15:38:50,785	pc22	308.0368108749	2155770.0000000000
2015-11-06 15:38:51,788	pc22	309.0398797989	2156100.0000000000
2015-11-06 15:38:52,818	pc22	310.0700368881	2155990.0000000000
2015-11-06 15:38:53,800	pc22	311.0521559715	2155390.0000000000
2015-11-06 15:38:54,791	pc22	312.0422580242	2155300.0000000000
2015-11-06 15:38:55,786	pc22	313.0373790264	2155400.0000000000
2015-11-06 15:38:56,790	pc22	314.0414538383	2155260.0000000000
2015-11-06 15:38:57,786	pc22	315.0375549793	2155110.0000000000
2015-11-06 15:38:58,795	pc22	316.0466849804	2154970.0000000000
2015-11-06 15:38:59,785	pc22	317.0367870331	2154950.0000000000
2015-11-06 15:39:00,786	pc22	318.0378408432	2154910.0000000000
2015-11-06 15:39:01,791	pc22	319.0429580212	2155000.0000000000
2015-11-06 15:39:02,785	pc22	320.0370869637	2155070.0000000000
2015-11-06 15:39:03,827	pc22	321.0790579319	2154840.0000000000
2015-11-06 15:39:04,809	pc22	322.0611588955	2154800.0000000000
2015-11-06 15:39:05,793	pc22	323.0442848206	2154720.0000000000
2015-11-06 15:39:06,786	pc22	324.0373158455	2154590.0000000000
2015-11-06 15:39:07,787	pc22	325.0384058952	2154410.0000000000
2015-11-06 15:39:08,792	pc22	326.0435569286	2154230.0000000000
2015-11-06 15:39:09,807	pc22	327.0586428642	2154290.0000000000
2015-11-06 15:39:10,790	pc22	328.0417928696	2154320.0000000000
2015-11-06 15:39:11,785	pc22	329.0369110107	2154310.0000000000
2015-11-06 15:39:12,789	pc22	330.0409839153	2154300.0000000000
2015-11-06 15:39:13,785	pc22	331.0370628834	2154420.0000000000
2015-11-06 15:39:14,788	pc22	332.0400569439	2154630.0000000000
2015-11-06 15:39:15,818	pc22	333.0701298714	2154680.0000000000
2015-11-06 15:39:16,802	pc22	334.0532679558	2154630.0000000000
2015-11-06 15:39:17,790	pc22	335.0421140194	2154550.0000000000
2015-11-06 15:39:18,786	pc22	336.0374579430	2154450.0000000000
2015-11-06 15:39:19,790	pc22	337.0415718555	2154300.0000000000
2015-11-06 15:39:20,786	pc22	338.0376369953	2154150.0000000000
2015-11-06 15:39:21,799	pc22	339.0507040024	2154190.0000000000
2015-11-06 15:39:22,785	pc22	340.0368669033	2154110.0000000000
2015-11-06 15:39:23,787	pc22	341.0388908386	2154120.0000000000
2015-11-06 15:39:24,791	pc22	342.0429649353	2154060.0000000000
2015-11-06 15:39:25,785	pc22	343.0371429920	2153990.0000000000
2015-11-06 15:39:26,827	pc22	344.0791358948	2154080.0000000000
2015-11-06 15:39:27,811	pc22	345.0622668266	2154090.0000000000
2015-11-06 15:39:28,793	pc22	346.0443398952	2154060.0000000000
2015-11-06 15:39:29,787	pc22	347.0383358002	2153870.0000000000
2015-11-06 15:39:30,788	pc22	348.0394198895	2153650.0000000000
2015-11-06 15:39:31,793	pc22	349.0445139408	2153420.0000000000
2015-11-06 15:39:32,804	pc22	350.0555369854	2153390.0000000000
2015-11-06 15:39:33,791	pc22	351.0426340103	2153330.0000000000
2015-11-06 15:39:34,785	pc22	352.0365829468	2153390.0000000000
2015-11-06 15:39:35,789	pc22	353.0408849716	2153230.0000000000
2015-11-06 15:39:36,785	pc22	354.0370259285	2153170.0000000000
2015-11-06 15:39:37,788	pc22	355.0399458408	2153100.0000000000
2015-11-06 15:39:38,818	pc22	356.0700609684	2153440.0000000000
2015-11-06 15:39:39,801	pc22	357.0530869961	2153250.0000000000
2015-11-06 15:39:40,792	pc22	358.0432579517	2153390.0000000000
2015-11-06 15:39:41,786	pc22	359.0372819901	2153430.0000000000
2015-11-06 15:39:42,790	pc22	360.0413818359	2153330.0000000000
2015-11-06 15:39:43,786	pc22	361.0374720097	2153480.0000000000
2015-11-06 15:39:44,796	pc22	362.0475459099	2153320.0000000000
2015-11-06 15:39:45,785	pc22	363.0366230011	2153250.0000000000
2015-11-06 15:39:46,787	pc22	364.0386109352	2153230.0000000000
2015-11-06 15:39:47,785	pc22	365.0364558697	2153220.0000000000
2015-11-06 15:39:48,786	pc22	366.0377678871	2153460.0000000000
2015-11-06 15:39:49,827	pc22	367.0788860321	2153130.0000000000
2015-11-06 15:39:50,810	pc22	368.0618898869	2152510.0000000000
2015-11-06 15:39:51,793	pc22	369.0449748039	2151540.0000000000
2015-11-06 15:39:52,785	pc22	370.0370910168	2152140.0000000000
2015-11-06 15:39:53,787	pc22	371.0389828682	2152590.0000000000
2015-11-06 15:39:54,785	pc22	372.0372118950	2153060.0000000000
2015-11-06 15:39:55,808	pc22	373.0592589378	2152760.0000000000
2015-11-06 15:39:56,791	pc22	374.0423619747	2152470.0000000000
2015-11-06 15:39:57,786	pc22	375.0373358727	2152490.0000000000
2015-11-06 15:39:58,790	pc22	376.0416119099	2152690.0000000000
2015-11-06 15:39:59,785	pc22	377.0365879536	2152580.0000000000
2015-11-06 15:40:00,789	pc22	378.0407428741	2152140.0000000000
2015-11-06 15:40:01,819	pc22	379.0707488060	2152170.0000000000
2015-11-06 15:40:02,802	pc22	380.0538709164	2152170.0000000000
2015-11-06 15:40:03,791	pc22	381.0429108143	2152190.0000000000
2015-11-06 15:40:04,785	pc22	382.0370678902	2152250.0000000000
2015-11-06 15:40:05,790	pc22	383.0421988964	2152370.0000000000
2015-11-06 15:40:06,786	pc22	384.0373339653	2152570.0000000000
2015-11-06 15:40:07,800	pc22	385.0514509678	2152660.0000000000
2015-11-06 15:40:08,786	pc22	386.0375199318	2152810.0000000000
2015-11-06 15:40:09,787	pc22	387.0384898186	2152830.0000000000
2015-11-06 15:40:10,792	pc22	388.0437350273	2152810.0000000000
2015-11-06 15:40:11,786	pc22	389.0378198624	2152810.0000000000
2015-11-06 15:40:12,828	pc22	390.0798418522	2152570.0000000000
2015-11-06 15:40:13,810	pc22	391.0618019104	2152410.0000000000
2015-11-06 15:40:14,793	pc22	392.0450048447	2152160.0000000000
2015-11-06 15:40:15,785	pc22	393.0371208191	2152190.0000000000
2015-11-06 15:40:16,788	pc22	394.0400907993	2152180.0000000000
2015-11-06 15:40:17,787	pc22	395.0382688046	2152240.0000000000
2015-11-06 15:40:18,805	pc22	396.0563359261	2151940.0000000000
2015-11-06 15:40:19,792	pc22	397.0434389114	2151770.0000000000
2015-11-06 15:40:20,786	pc22	398.0375728607	2151870.0000000000
2015-11-06 15:40:21,790	pc22	399.0415568352	2151300.0000000000
2015-11-06 15:40:22,786	pc22	400.0377199650	2151080.0000000000
2015-11-06 15:40:23,789	pc22	401.0407898426	2150710.0000000000
2015-11-06 15:40:24,819	pc22	402.0708019733	2151800.0000000000
2015-11-06 15:40:25,802	pc22	403.0539948940	2153160.0000000000
2015-11-06 15:40:26,785	pc22	404.0370998383	2152900.0000000000
2015-11-06 15:40:27,785	pc22	405.0371749401	2152450.0000000000
2015-11-06 15:40:28,790	pc22	406.0421628952	2153710.0000000000
2015-11-06 15:40:29,785	pc22	407.0372278690	2152110.0000000000
2015-11-06 15:40:30,796	pc22	408.0472669601	2152470.0000000000
2015-11-06 15:40:31,786	pc22	409.0373909473	2152910.0000000000
2015-11-06 15:40:32,788	pc22	410.0395200253	2152870.0000000000
2015-11-06 15:40:33,786	pc22	411.0375277996	2153060.0000000000
2015-11-06 15:40:34,786	pc22	412.0375099182	2152760.0000000000
2015-11-06 15:40:35,828	pc22	413.0793988705	2152850.0000000000
2015-11-06 15:40:36,811	pc22	414.0623140335	2152150.0000000000
2015-11-06 15:40:37,794	pc22	415.0455718040	2152460.0000000000
2015-11-06 15:40:38,786	pc22	416.0376198292	2152210.0000000000
2015-11-06 15:40:39,789	pc22	417.0406658649	2152190.0000000000
2015-11-06 15:40:40,785	pc22	418.0367460251	2152200.0000000000
2015-11-06 15:40:41,808	pc22	419.0598230362	2152010.0000000000
2015-11-06 15:40:42,787	pc22	420.0389659405	2151920.0000000000
2015-11-06 15:40:43,785	pc22	421.0370998383	2151580.0000000000
2015-11-06 15:40:44,790	pc22	422.0421059132	2151450.0000000000
2015-11-06 15:40:45,785	pc22	423.0371689796	2151490.0000000000
2015-11-06 15:40:46,790	pc22	424.0412728786	2151400.0000000000
2015-11-06 15:40:47,820	pc22	425.0713179111	2151780.0000000000
2015-11-06 15:40:48,803	pc22	426.0544450283	2150990.0000000000
2015-11-06 15:40:49,792	pc22	427.0434939861	2147930.0000000000
2015-11-06 15:40:50,786	pc22	428.0375578403	2149810.0000000000
2015-11-06 15:40:51,791	pc22	429.0425438881	2150330.0000000000
2015-11-06 15:40:52,786	pc22	430.0376780033	2150840.0000000000
2015-11-06 15:40:53,800	pc22	431.0516989231	2151120.0000000000
2015-11-06 15:40:54,785	pc22	432.0367958546	2151200.0000000000
2015-11-06 15:40:55,788	pc22	433.0398848057	2151130.0000000000
2015-11-06 15:40:56,785	pc22	434.0369379520	2151310.0000000000
2015-11-06 15:40:57,786	pc22	435.0380518436	2151240.0000000000
2015-11-06 15:40:58,828	pc22	436.0800440311	2151270.0000000000
2015-11-06 15:40:59,811	pc22	437.0631449223	2150860.0000000000
2015-11-06 15:41:00,795	pc22	438.0462739468	2151140.0000000000
2015-11-06 15:41:01,786	pc22	439.0373198986	2149950.0000000000
2015-11-06 15:41:02,789	pc22	440.0403678417	2152830.0000000000
2015-11-06 15:41:03,787	pc22	441.0384168625	2153350.0000000000
2015-11-06 15:41:04,805	pc22	442.0564649105	2152590.0000000000
2015-11-06 15:41:05,792	pc22	443.0434319973	2149090.0000000000
2015-11-06 15:41:06,786	pc22	444.0376679897	2150260.0000000000
2015-11-06 15:41:07,791	pc22	445.0427439213	2150120.0000000000
2015-11-06 15:41:08,785	pc22	446.0368819237	2149650.0000000000
2015-11-06 15:41:09,790	pc22	447.0419509411	2150800.0000000000
2015-11-06 15:41:10,819	pc22	448.0710279942	2150530.0000000000
2015-11-06 15:41:11,802	pc22	449.0541520119	2151360.0000000000
2015-11-06 15:41:12,785	pc22	450.0372300148	2151400.0000000000
2015-11-06 15:41:13,787	pc22	451.0382778645	2151980.0000000000
2015-11-06 15:41:14,792	pc22	452.0432958603	2151010.0000000000
2015-11-06 15:41:15,785	pc22	453.0371618271	2152010.0000000000
2015-11-06 15:41:16,797	pc22	454.0484750271	2151990.0000000000
2015-11-06 15:41:17,786	pc22	455.0375669003	2151380.0000000000
2015-11-06 15:41:18,788	pc22	456.0396738052	2151760.0000000000
2015-11-06 15:41:19,785	pc22	457.0366690159	2151060.0000000000
2015-11-06 15:41:20,787	pc22	458.0386958122	2149510.0000000000
2015-11-06 15:41:21,785	pc22	459.0365848541	2148370.0000000000
2015-11-06 15:41:22,812	pc22	460.0636239052	2149680.0000000000
2015-11-06 15:41:23,794	pc22	461.0456798077	2147720.0000000000
2015-11-06 15:41:24,785	pc22	462.0367698669	2147410.0000000000
2015-11-06 15:41:25,789	pc22	463.0408220291	2147840.0000000000
2015-11-06 15:41:26,785	pc22	464.0368998051	2149570.0000000000
2015-11-06 15:41:27,809	pc22	465.0608170033	2150380.0000000000
2015-11-06 15:41:28,788	pc22	466.0398209095	2150920.0000000000
2015-11-06 15:41:29,786	pc22	467.0379838943	2150600.0000000000
2015-11-06 15:41:30,790	pc22	468.0422039032	2150350.0000000000
2015-11-06 15:41:31,786	pc22	469.0372970104	2150350.0000000000
2015-11-06 15:41:32,791	pc22	470.0423579216	2150660.0000000000
2015-11-06 15:41:33,820	pc22	471.0713348389	2151080.0000000000
2015-11-06 15:41:34,803	pc22	472.0544939041	2151380.0000000000
2015-11-06 15:41:35,786	pc22	473.0376389027	2151500.0000000000
2015-11-06 15:41:36,787	pc22	474.0387208462	2151730.0000000000
2015-11-06 15:41:37,791	pc22	475.0426568985	2151770.0000000000
2015-11-06 15:41:38,786	pc22	476.0378499031	2151220.0000000000
2015-11-06 15:41:39,800	pc22	477.0519268513	2150900.0000000000
2015-11-06 15:41:40,785	pc22	478.0369799137	2151540.0000000000
2015-11-06 15:41:41,788	pc22	479.0401058197	2151700.0000000000
2015-11-06 15:41:42,786	pc22	480.0372998714	2150810.0000000000
2015-11-06 15:41:43,787	pc22	481.0391449928	2150800.0000000000
2015-11-06 15:41:44,786	pc22	482.0373809338	2150570.0000000000
2015-11-06 15:41:45,812	pc22	483.0633208752	2150210.0000000000
2015-11-06 15:41:46,795	pc22	484.0464208126	2150370.0000000000
2015-11-06 15:41:47,786	pc22	485.0375950336	2150320.0000000000
2015-11-06 15:41:48,789	pc22	486.0404698849	2150690.0000000000
2015-11-06 15:41:49,786	pc22	487.0376148224	2150290.0000000000
2015-11-06 15:41:50,809	pc22	488.0604679585	2149290.0000000000
2015-11-06 15:41:51,792	pc22	489.0437219143	2148980.0000000000
2015-11-06 15:41:52,786	pc22	490.0378308296	2149380.0000000000
2015-11-06 15:41:53,791	pc22	491.0427758694	2149080.0000000000
2015-11-06 15:41:54,785	pc22	492.0370118618	2149050.0000000000
2015-11-06 15:41:55,790	pc22	493.0419988632	2149560.0000000000
2015-11-06 15:41:56,820	pc22	494.0721259117	2150250.0000000000
2015-11-06 15:41:57,804	pc22	495.0552718639	2150460.0000000000
2015-11-06 15:41:58,786	pc22	496.0373799801	2150300.0000000000
2015-11-06 15:41:59,787	pc22	497.0384998322	2150610.0000000000
2015-11-06 15:42:00,792	pc22	498.0435810089	2150180.0000000000
2015-11-06 15:42:01,786	pc22	499.0377168655	2150780.0000000000
2015-11-06 15:42:02,797	pc22	500.0487987995	2150290.0000000000
2015-11-06 15:42:03,785	pc22	501.0368750095	2150180.0000000000
2015-11-06 15:42:04,789	pc22	502.0410478115	2150670.0000000000
2015-11-06 15:42:05,785	pc22	503.0371429920	2150950.0000000000
2015-11-06 15:42:06,787	pc22	504.0391998291	2150790.0000000000
2015-11-06 15:42:07,785	pc22	505.0370299816	2150300.0000000000
2015-11-06 15:42:08,812	pc22	506.0632729530	2150030.0000000000
2015-11-06 15:42:09,795	pc22	507.0463509560	2149890.0000000000
2015-11-06 15:42:10,786	pc22	508.0375168324	2149840.0000000000
2015-11-06 15:42:11,790	pc22	509.0415258408	2149850.0000000000
2015-11-06 15:42:12,786	pc22	510.0376288891	2149970.0000000000
2015-11-06 15:42:13,810	pc22	511.0617308617	2149960.0000000000
2015-11-06 15:42:14,792	pc22	512.0437769890	2150170.0000000000
2015-11-06 15:42:15,787	pc22	513.0388748646	2150380.0000000000
2015-11-06 15:42:16,791	pc22	514.0429759026	2149680.0000000000
2015-11-06 15:42:17,785	pc22	515.0370318890	2150410.0000000000
2015-11-06 15:42:18,790	pc22	516.0421319008	2150790.0000000000
2015-11-06 15:42:19,820	pc22	517.0721778870	2150700.0000000000
2015-11-06 15:42:20,804	pc22	518.0552778244	2150440.0000000000
2015-11-06 15:42:21,787	pc22	519.0383288860	2150470.0000000000
2015-11-06 15:42:22,788	pc22	520.0393798351	2150520.0000000000
2015-11-06 15:42:23,792	pc22	521.0435249805	2150910.0000000000
2015-11-06 15:42:24,786	pc22	522.0377299786	2151310.0000000000
2015-11-06 15:42:25,801	pc22	523.0526609421	2151730.0000000000
2015-11-06 15:42:26,785	pc22	524.0368778706	2151120.0000000000
2015-11-06 15:42:27,789	pc22	525.0410029888	2150720.0000000000
2015-11-06 15:42:28,785	pc22	526.0370578766	2150540.0000000000
2015-11-06 15:42:29,788	pc22	527.0401089191	2150370.0000000000
2015-11-06 15:42:30,785	pc22	528.0371129513	2150630.0000000000
2015-11-06 15:42:31,812	pc22	529.0640819073	2150630.0000000000
2015-11-06 15:42:32,795	pc22	530.0469498634	2150790.0000000000
2015-11-06 15:42:33,785	pc22	531.0372209549	2150610.0000000000
2015-11-06 15:42:34,790	pc22	532.0412778854	2150070.0000000000
2015-11-06 15:42:35,786	pc22	533.0373878479	2149930.0000000000
2015-11-06 15:42:36,806	pc22	534.0573139191	2150040.0000000000
2015-11-06 15:42:37,793	pc22	535.0444619656	2149900.0000000000
2015-11-06 15:42:38,787	pc22	536.0385549068	2150070.0000000000
2015-11-06 15:42:39,792	pc22	537.0434818268	2150150.0000000000
2015-11-06 15:42:40,786	pc22	538.0377788544	2150070.0000000000
2015-11-06 15:42:41,791	pc22	539.0427420139	2150040.0000000000
2015-11-06 15:42:42,821	pc22	540.0728619099	2150080.0000000000
2015-11-06 15:42:43,804	pc22	541.0559248924	2150050.0000000000
2015-11-06 15:42:44,786	pc22	542.0380368233	2150140.0000000000
2015-11-06 15:42:45,787	pc22	543.0391058922	2150310.0000000000
2015-11-06 15:42:46,785	pc22	544.0371639729	2150270.0000000000
2015-11-06 15:42:47,787	pc22	545.0382869244	2149880.0000000000
2015-11-06 15:42:48,798	pc22	546.0493829250	2148360.0000000000
2015-11-06 15:42:49,786	pc22	547.0372779369	2148200.0000000000
2015-11-06 15:42:50,790	pc22	548.0415029526	2148630.0000000000
2015-11-06 15:42:51,786	pc22	549.0375859737	2150310.0000000000
2015-11-06 15:42:52,788	pc22	550.0396738052	2151250.0000000000
2015-11-06 15:42:53,785	pc22	551.0365128517	2150940.0000000000
2015-11-06 15:42:54,812	pc22	552.0637278557	2151080.0000000000
2015-11-06 15:42:55,795	pc22	553.0466918945	2148300.0000000000
2015-11-06 15:42:56,785	pc22	554.0368788242	2149480.0000000000
2015-11-06 15:42:57,790	pc22	555.0419800282	2151050.0000000000
2015-11-06 15:42:58,785	pc22	556.0370559692	2150190.0000000000
2015-11-06 15:42:59,810	pc22	557.0619759560	2150490.0000000000
2015-11-06 15:43:00,789	pc22	558.0411808491	2149640.0000000000
2015-11-06 15:43:01,787	pc22	559.0391669273	2151890.0000000000
2015-11-06 15:43:02,786	pc22	560.0373239517	2150850.0000000000
2015-11-06 15:43:03,786	pc22	561.0372748375	2149820.0000000000
2015-11-06 15:43:04,792	pc22	562.0434579849	2150760.0000000000
2015-11-06 15:43:05,822	pc22	563.0734388828	2150950.0000000000
2015-11-06 15:43:06,804	pc22	564.0556299686	2148680.0000000000
2015-11-06 15:43:07,787	pc22	565.0385849476	2147570.0000000000
2015-11-06 15:43:08,788	pc22	566.0398368835	2147940.0000000000
2015-11-06 15:43:09,785	pc22	567.0369279385	2147100.0000000000
2015-11-06 15:43:10,787	pc22	568.0390658379	2147750.0000000000
2015-11-06 15:43:11,802	pc22	569.0540900230	2148630.0000000000
2015-11-06 15:43:12,785	pc22	570.0371589661	2148870.0000000000
2015-11-06 15:43:13,790	pc22	571.0412788391	2146090.0000000000
2015-11-06 15:43:14,786	pc22	572.0372989178	2148600.0000000000
2015-11-06 15:43:15,789	pc22	573.0402908325	2149120.0000000000
2015-11-06 15:43:16,786	pc22	574.0375428200	2149400.0000000000
2015-11-06 15:43:17,813	pc22	575.0644819736	2148810.0000000000
2015-11-06 15:43:18,796	pc22	576.0475800037	2149620.0000000000
2015-11-06 15:43:19,786	pc22	577.0378139019	2150610.0000000000
2015-11-06 15:43:20,790	pc22	578.0418159962	2149750.0000000000
2015-11-06 15:43:21,785	pc22	579.0368299484	2150650.0000000000
2015-11-06 15:43:22,810	pc22	580.0619888306	2149950.0000000000
2015-11-06 15:43:23,793	pc22	581.0449528694	2150300.0000000000
2015-11-06 15:43:24,787	pc22	582.0391328335	2148130.0000000000
2015-11-06 15:43:25,786	pc22	583.0381929874	2147700.0000000000
2015-11-06 15:43:26,786	pc22	584.0381920338	2148380.0000000000
2015-11-06 15:43:27,792	pc22	585.0433058739	2149900.0000000000
2015-11-06 15:43:28,822	pc22	586.0733609200	2149150.0000000000
2015-11-06 15:43:29,805	pc22	587.0563719273	2148900.0000000000
2015-11-06 15:43:30,787	pc22	588.0384078026	2149900.0000000000
2015-11-06 15:43:31,788	pc22	589.0394828320	2149860.0000000000
2015-11-06 15:43:32,786	pc22	590.0376439095	2149840.0000000000
2015-11-06 15:43:33,787	pc22	591.0387098789	2150130.0000000000
2015-11-06 15:43:34,798	pc22	592.0496928692	2150220.0000000000
2015-11-06 15:43:35,785	pc22	593.0367639065	2149470.0000000000
2015-11-06 15:43:36,790	pc22	594.0417678356	2148930.0000000000
2015-11-06 15:43:37,785	pc22	595.0369348526	2149360.0000000000
2015-11-06 15:43:38,788	pc22	596.0400409698	2149390.0000000000
2015-11-06 15:43:39,785	pc22	597.0371079445	2149680.0000000000
2015-11-06 15:43:40,813	pc22	598.0650308132	2149670.0000000000
2015-11-06 15:43:41,795	pc22	599.0471668243	2149620.0000000000
2015-11-06 15:43:42,786	pc22	600.0374128819	2149470.0000000000
2015-11-06 15:43:43,791	pc22	601.0423858166	2149740.0000000000
2015-11-06 15:43:44,787	pc22	602.0383899212	2149060.0000000000
2015-11-06 15:43:45,811	pc22	603.0625088215	2148300.0000000000
2015-11-06 15:43:46,790	pc22	604.0416119099	2146930.0000000000
2015-11-06 15:43:47,788	pc22	605.0396978855	2147590.0000000000
2015-11-06 15:43:48,785	pc22	606.0367588997	2147640.0000000000
2015-11-06 15:43:49,786	pc22	607.0378408432	2148660.0000000000
2015-11-06 15:43:50,792	pc22	608.0439100266	2148800.0000000000
2015-11-06 15:43:51,821	pc22	609.0730478764	2147520.0000000000
2015-11-06 15:43:52,805	pc22	610.0571408272	2147770.0000000000
2015-11-06 15:43:53,788	pc22	611.0392849445	2147740.0000000000
2015-11-06 15:43:54,789	pc22	612.0403079987	2148300.0000000000
2015-11-06 15:43:55,786	pc22	613.0373430252	2148780.0000000000
2015-11-06 15:43:56,788	pc22	614.0394358635	2149430.0000000000
2015-11-06 15:43:57,803	pc22	615.0545969009	2148790.0000000000
2015-11-06 15:43:58,786	pc22	616.0377178192	2149790.0000000000
2015-11-06 15:43:59,790	pc22	617.0418159962	2150450.0000000000
2015-11-06 15:44:00,785	pc22	618.0368869305	2150720.0000000000
2015-11-06 15:44:01,789	pc22	619.0409870148	2150360.0000000000
2015-11-06 15:44:02,785	pc22	620.0371348858	2149830.0000000000
2015-11-06 15:44:03,813	pc22	621.0652208328	2148930.0000000000
2015-11-06 15:44:04,797	pc22	622.0483219624	2148700.0000000000
2015-11-06 15:44:05,787	pc22	623.0383408070	2148780.0000000000
2015-11-06 15:44:06,791	pc22	624.0424699783	2149040.0000000000
2015-11-06 15:44:07,786	pc22	625.0376188755	2149100.0000000000
2015-11-06 15:44:08,811	pc22	626.0626888275	2149840.0000000000
2015-11-06 15:44:09,794	pc22	627.0457749367	2150210.0000000000
2015-11-06 15:44:10,788	pc22	628.0398309231	2150640.0000000000
2015-11-06 15:44:11,785	pc22	629.0368609428	2150050.0000000000
2015-11-06 15:44:12,786	pc22	630.0379929543	2150460.0000000000
2015-11-06 15:44:13,792	pc22	631.0440378189	2149790.0000000000
2015-11-06 15:44:14,822	pc22	632.0739729404	2148220.0000000000
2015-11-06 15:44:15,805	pc22	633.0571918488	2148210.0000000000
2015-11-06 15:44:16,788	pc22	634.0392878056	2148460.0000000000
2015-11-06 15:44:17,789	pc22	635.0404868126	2148930.0000000000
2015-11-06 15:44:18,786	pc22	636.0376179218	2148970.0000000000
2015-11-06 15:44:19,788	pc22	637.0395879745	2148810.0000000000
2015-11-06 15:44:20,799	pc22	638.0505888462	2149060.0000000000
2015-11-06 15:44:21,786	pc22	639.0376880169	2149230.0000000000
2015-11-06 15:44:22,791	pc22	640.0427830219	2149220.0000000000
2015-11-06 15:44:23,785	pc22	641.0368638039	2149160.0000000000
2015-11-06 15:44:24,789	pc22	642.0409889221	2149170.0000000000
2015-11-06 15:44:25,785	pc22	643.0370378494	2149310.0000000000
2015-11-06 15:44:26,813	pc22	644.0651428699	2149210.0000000000
2015-11-06 15:44:27,797	pc22	645.0483169556	2148890.0000000000
2015-11-06 15:44:28,787	pc22	646.0383429527	2148710.0000000000
2015-11-06 15:44:29,792	pc22	647.0434370041	2148550.0000000000
2015-11-06 15:44:30,786	pc22	648.0375308990	2148640.0000000000
2015-11-06 15:44:31,812	pc22	649.0635149479	2148650.0000000000
2015-11-06 15:44:32,790	pc22	650.0416948795	2148640.0000000000
2015-11-06 15:44:33,788	pc22	651.0397408009	2148520.0000000000
2015-11-06 15:44:34,785	pc22	652.0368638039	2148520.0000000000
2015-11-06 15:44:35,787	pc22	653.0389378071	2148640.0000000000
2015-11-06 15:44:36,785	pc22	654.0370879173	2148510.0000000000
2015-11-06 15:44:37,822	pc22	655.0741429329	2148940.0000000000
2015-11-06 15:44:38,806	pc22	656.0572938919	2149090.0000000000
2015-11-06 15:44:39,789	pc22	657.0403690338	2148740.0000000000
2015-11-06 15:44:40,789	pc22	658.0404808521	2148710.0000000000
2015-11-06 15:44:41,786	pc22	659.0376348495	2148550.0000000000
2015-11-06 15:44:42,788	pc22	660.0397198200	2148690.0000000000
2015-11-06 15:44:43,803	pc22	661.0548529625	2148530.0000000000
2015-11-06 15:44:44,786	pc22	662.0379710197	2148510.0000000000
2015-11-06 15:44:45,791	pc22	663.0429959297	2149110.0000000000
2015-11-06 15:44:46,785	pc22	664.0370879173	2148900.0000000000
2015-11-06 15:44:47,789	pc22	665.0411128998	2148370.0000000000
2015-11-06 15:44:48,786	pc22	666.0372908115	2148140.0000000000
2015-11-06 15:44:49,814	pc22	667.0653660297	2148680.0000000000
2015-11-06 15:44:50,798	pc22	668.0494699478	2148840.0000000000
2015-11-06 15:44:51,787	pc22	669.0385138988	2148770.0000000000
